count,tension_left,ms_left,ms_left_model,ms_speed_left,ms_speed_left_model,pressure_left,g_pressure_1,tension_right,ms_right,ms_right_model,ms_speed_right,ms_speed_right_model,natural_length_right_model,deformation_right_model,natural_length_left_model,deformation_left_model,pressure_right,g_pressure_2,start of cycle,angle,m5_Ia_+,m5_Ia_model_+,m5_Ia_-,m5_Ia_model_-,m5_Ib_-,m5_Ib_+,m7_Ia_+,m7_Ia_model_+,m7_Ia_-,m7_Ia_model_-,m7_Ib_-,m7_Ib_+,4.4771,2.4426,170.145,142.065,33205,18748,0.109863,
200,-92,-0.631501,168.786,0,-7.18815,0.201126,0.2,9,-0.101278,140.135,0,0,139.748,0.387407,158.012,10.7737,0.551239,0.7,0,0,0,0,0,0,0,0,0,0,0,0,0,0
201,-93,-0.631501,168.869,0,8.29925,0.20105,0.2,9,-0.104257,140.125,-0.297821,-1.07287,139.737,0.387403,158.017,10.8521,0.551392,0.7,0,0,0,0,0,0,0,0,0,0,0,0,0,0
202,-95,-0.631501,169.018,0,14.8409,0.201126,0.2,13,-0.101278,140.295,0.295833,16.9475,139.737,0.55805,158.012,11.0061,0.551392,0.7,0,0,0,0,0,0,0,0,0,0,0,0,0,0
203,-95,-0.631501,169.024,0,0.513934,0.20105,0.2,14,-0.107236,140.354,-0.593802,5.84352,139.753,0.600587,158.017,11.0067,0.551163,0.7,0,0,0,0,0,0,0,0,0,0,0,0,0,0
204,-93,-0.631501,168.864,0,-15.9047,0.201126,0.2,17,-0.104257,140.47,0.29657,11.6016,139.743,0.727841,158.012,10.8515,0.551315,0.7,0,0,0,0,0,0,0,0,0,0,0,0,0,0
205,-94,-0.637458,168.952,-0.593379,8.74426,0.200974,0.2,21,-0.101278,140.629,0.29669,15.7571,139.732,0.896769,158.021,10.9301,0.551468,0.7,0,0,0,0,0,0,0,0,0,0,0,0,0,0
206,-95,-0.63448,169.018,0.29631,6.64476,0.201126,0.2,24,-0.104257,140.776,-0.29631,14.6858,139.753,1.02295,158.012,11.0061,0.551163,0.7,0,0,0,0,0,0,0,0,0,0,0,0,0,0
207,-94,-0.637458,168.952,-0.296162,-6.64145,0.200974,0.2,24,-0.104257,140.787,0,1.0679,139.764,1.02296,158.021,10.9301,0.55101,0.7,0,0,0,0,0,0,0,0,0,0,0,0,0,0
208,-92,-0.63448,168.791,0.297403,-16.023,0.20105,0.2,21,-0.104257,140.639,0,-14.7402,139.743,0.896781,158.017,10.7742,0.551315,0.7,0,0,0,0,0,0,0,0,0,0,0,0,0,0
209,-93,-0.637458,168.859,-0.296394,6.71996,0.201202,0.2,19,-0.104257,140.55,0,-8.92863,139.737,0.812411,158.008,10.8509,0.551392,0.7,0,0,0,0,0,0,0,0,0,0,0,0,0,0
210,-94,-0.63448,168.936,0.296838,7.72092,0.201202,0.2,21,-0.104257,140.655,0,10.5472,139.759,0.896798,158.008,10.9284,0.551086,0.7,0,0,0,0,0,0,0,0,0,0,0,0,0,0
211,-92,-0.637458,168.781,-0.296422,-15.4572,0.201202,0.2,21,-0.107236,140.65,-0.296422,-0.534302,139.753,0.896792,158.008,10.7731,0.551163,0.7,0,0,0,0,0,0,0,0,0,0,0,0,0,0
212,-89,-0.63448,168.55,0.296338,-22.9488,0.201126,0.2,19,-0.101278,140.56,0.592676,-8.92709,139.748,0.812421,158.012,10.5378,0.551239,0.7,0,0,0,0,0,0,0,0,0,0,0,0,0,0
213,-89,-0.637458,168.555,-0.296457,0.513445,0.20105,0.2,14,-0.101278,140.359,0,-20.0145,139.759,0.60059,158.017,10.5384,0.551086,0.7,0,0,0,0,0,0,0,0,0,0,0,0,0,0
214,-88,-0.637458,168.476,0,-7.91083,0.20105,0.2,8,-0.104257,140.098,-0.29681,-26.0406,139.753,0.34461,158.017,10.459,0.551163,0.7,0,0,0,0,0,0,0,0,0,0,0,0,0,0
215,-89,-0.637458,168.555,0,7.90144,0.20105,0.2,3,-0.101278,139.883,0.296457,-21.3989,139.753,0.129596,158.017,10.5384,0.551163,0.7,0,0,0,0,0,0,0,0,0,0,0,0,0,0
216,-92,-0.63448,168.801,0.29681,24.527,0.200897,0.2,3,-0.104257,139.888,-0.29681,0.53448,139.759,0.129596,158.026,10.7754,0.551086,0.7,0,0,0,0,0,0,0,0,0,0,0,0,0,0
217,-97,-0.63448,169.182,0,37.8756,0.200974,0.2,7,-0.104257,140.071,0,18.1936,139.769,0.301607,158.021,11.1604,0.550934,0.7,0,0,0,0,0,0,0,0,0,0,0,0,0,0
218,-98,-0.63448,169.258,0,7.57178,0.200974,0.2,8,-0.104257,140.093,0,2.14554,139.748,0.344609,158.021,11.2364,0.551239,0.7,0,0,0,0,0,0,0,0,0,0,0,0,0,0
219,-94,-0.640437,168.946,-0.591777,-30.9376,0.20105,0.2,4,-0.104257,139.91,0,-18.1437,139.737,0.172679,158.017,10.9296,0.551392,0.7,0,0,0,0,0,0,0,0,0,0,0,0,0,0
220,-89,-0.640437,168.566,0,-37.9257,0.200897,0.2,1,-0.107236,139.797,-0.296633,-11.286,139.753,0.0432552,158.026,10.5395,0.551163,0.7,0,0,0,0,0,0,0,0,0,0,0,0,0,0
221,-88,-0.640437,168.486,0,-7.9147,0.200897,0.2,4,-0.101278,139.931,0.593915,13.4374,139.759,0.172682,158.026,10.4601,0.551086,0.7,0,0,0,0,0,0,0,0,0,0,0,0,0,0
222,-88,-0.637458,168.486,0.29563,0,0.200897,0.2,8,-0.104257,140.114,-0.29563,18.1282,139.769,0.344615,158.026,10.4601,0.550934,0.7,0,0,0,0,0,0,0,0,0,0,0,0,0,0
223,-90,-0.637458,168.639,0,15.2682,0.200974,0.2,10,-0.0982997,140.189,0.593619,7.45442,139.759,0.430155,158.021,10.618,0.551086,0.7,0,0,0,0,0,0,0,0,0,0,0,0,0,0
224,-92,-0.637458,168.796,0,15.6026,0.200974,0.2,10,-0.104257,140.183,-0.592676,-0.533792,139.753,0.430153,158.021,10.7748,0.551163,0.7,0,0,0,0,0,0,0,0,0,0,0,0,0,0
225,-92,-0.640437,168.796,-0.296873,0,0.200974,0.2,12,-0.107236,140.269,-0.296873,8.50372,139.753,0.515478,158.021,10.7748,0.551163,0.7,0,0,0,0,0,0,0,0,0,0,0,0,0,0
226,-91,-0.637458,168.718,0.296598,-7.78912,0.200974,0.2,16,-0.107236,140.433,0,16.393,139.748,0.685478,158.021,10.6966,0.551239,0.7,0,0,0,0,0,0,0,0,0,0,0,0,0,0
227,-92,-0.643416,168.796,-0.593267,7.79004,0.200974,0.2,19,-0.104257,140.566,0.296633,13.1759,139.753,0.812426,158.021,10.7748,0.551163,0.7,0,0,0,0,0,0,0,0,0,0,0,0,0,0
228,-94,-0.637458,168.936,0.592676,13.9135,0.201202,0.2,18,-0.107236,140.54,-0.296338,-2.60222,139.769,0.770178,158.008,10.9284,0.550934,0.7,0,0,0,0,0,0,0,0,0,0,0,0,0,0
229,-95,-0.640437,169.034,-0.29657,9.73092,0.200897,0.2,16,-0.107236,140.449,0,-8.96566,139.764,0.68549,158.026,11.0078,0.55101,0.7,0,0,0,0,0,0,0,0,0,0,0,0,0,0
230,-95,-0.640437,169.024,0,-1.02675,0.20105,0.2,15,-0.101278,140.407,0.593154,-4.22363,139.764,0.643068,158.017,11.0067,0.55101,0.7,0,0,0,0,0,0,0,0,0,0,0,0,0,0
231,-94,-0.640437,168.957,0,-6.65386,0.200897,0.2,14,-0.104257,140.359,-0.296718,-4.76554,139.759,0.60059,158.026,10.9307,0.551086,0.7,0,0,0,0,0,0,0,0,0,0,0,0,0,0
232,-93,-0.640437,168.884,0,-7.18103,0.200821,0.2,13,-0.104257,140.333,0,-2.6242,139.775,0.558071,158.031,10.8538,0.550858,0.7,0,0,0,0,0,0,0,0,0,0,0,0,0,0
233,-94,-0.637458,168.946,0.296838,6.17904,0.20105,0.2,15,-0.104257,140.423,0,9.00561,139.78,0.64308,158.017,10.9296,0.550781,0.7,0,0,0,0,0,0,0,0,0,0,0,0,0,0
234,-95,-0.637458,169.034,0,8.70244,0.200897,0.2,16,-0.101278,140.455,0.296514,3.15424,139.769,0.685494,158.026,11.0078,0.550934,0.7,0,0,0,0,0,0,0,0,0,0,0,0,0,0
235,-93,-0.643416,168.874,-0.593323,-15.9094,0.200974,0.2,14,-0.104257,140.365,-0.296662,-8.98953,139.764,0.600594,158.021,10.8527,0.55101,0.7,0,0,0,0,0,0,0,0,0,0,0,0,0,0
236,-91,-0.640437,168.728,0.296218,-14.4949,0.200821,0.2,11,-0.104257,140.242,0,-12.1699,139.769,0.47285,158.031,10.6977,0.550934,0.7,0,0,0,0,0,0,0,0,0,0,0,0,0,0
237,-91,-0.640437,168.728,0,0,0.200821,0.2,12,-0.107236,140.279,-0.296901,3.71479,139.764,0.515483,158.031,10.6977,0.55101,0.7,0,0,0,0,0,0,0,0,0,0,0,0,0,0
238,-90,-0.640437,168.645,0,-8.33842,0.200897,0.2,15,-0.104257,140.412,0.296514,13.2344,139.769,0.643072,158.026,10.6185,0.550934,0.7,0,0,0,0,0,0,0,0,0,0,0,0,0,0
239,-91,-0.637458,168.723,0.29669,7.8296,0.200897,0.2,18,-0.101278,140.54,0.29669,12.6599,139.769,0.770178,158.026,10.6971,0.550934,0.7,0,0,0,0,0,0,0,0,0,0,0,0,0,0
240,-92,-0.640437,168.812,-0.296577,8.81557,0.200745,0.2,20,-0.104257,140.619,-0.296577,7.87591,139.764,0.854646,158.035,10.7765,0.55101,0.7,0,0,0,0,0,0,0,0,0,0,0,0,0,0
241,-93,-0.640437,168.884,0,7.21069,0.200821,0.2,21,-0.104257,140.672,0,5.24709,139.775,0.896816,158.031,10.8538,0.550858,0.7,0,0,0,0,0,0,0,0,0,0,0,0,0,0
242,-91,-0.640437,168.718,0,-16.6028,0.200974,0.2,20,-0.101278,140.64,0.297226,-3.13519,139.785,0.854668,158.021,10.6966,0.550705,0.7,0,0,0,0,0,0,0,0,0,0,0,0,0,0
243,-90,-0.640437,168.65,0,-6.77099,0.200821,0.2,18,-0.104257,140.54,-0.295336,-9.97219,139.769,0.770178,158.031,10.6191,0.550934,0.7,0,0,0,0,0,0,0,0,0,0,0,0,0,0
244,-93,-0.643416,168.874,-0.297608,22.4167,0.200974,0.2,16,-0.104257,140.455,0,-8.46079,139.769,0.685494,158.021,10.8527,0.550934,0.7,0,0,0,0,0,0,0,0,0,0,0,0,0,0
245,-96,-0.640437,169.111,0.295602,23.4689,0.200897,0.2,11,-0.104257,140.253,0,-20.037,139.78,0.472854,158.026,11.0846,0.550781,0.7,0,0,0,0,0,0,0,0,0,0,0,0,0,0
246,-95,-0.643416,169.044,-0.296753,-6.61864,0.200745,0.2,5,-0.107236,139.99,-0.296753,-26.1512,139.775,0.215715,158.035,11.009,0.550858,0.7,0,0,0,0,0,0,0,0,0,0,0,0,0,0
247,-90,-0.640437,168.645,0.296394,-39.7597,0.200897,0.2,3,-0.107236,139.91,0,-8.03508,139.78,0.129598,158.026,10.6185,0.550781,0.7,0,0,0,0,0,0,0,0,0,0,0,0,0,0
248,-88,-0.640437,168.486,0,-15.7743,0.200897,0.2,6,-0.104257,140.044,0.296662,13.3908,139.785,0.258692,158.026,10.4601,0.550705,0.7,0,0,0,0,0,0,0,0,0,0,0,0,0,0
249,-90,-0.643416,168.65,-0.296866,16.2993,0.200821,0.2,7,-0.104257,140.071,0,2.67337,139.769,0.301607,158.031,10.6191,0.550934,0.7,0,0,0,0,0,0,0,0,0,0,0,0,0,0
250,-92,-0.637458,168.796,0.593154,14.588,0.200974,0.2,3,-0.107236,139.915,-0.296577,-15.5237,139.785,0.129599,158.021,10.7748,0.550705,0.7,0,0,0,0,0,0,0,0,0,0,0,0,0,0
251,-93,-0.640437,168.879,-0.296422,8.26017,0.200897,0.2,1,-0.107236,139.834,0,-8.05834,139.791,0.0432564,158.026,10.8532,0.550629,0.7,0,0,0,0,0,0,0,0,0,0,0,0,0,0
252,-93,-0.643416,168.879,-0.296275,0,0.200897,0.2,3,-0.107236,139.92,0,8.58785,139.791,0.1296,158.026,10.8532,0.550629,0.7,0,0,0,0,0,0,0,0,0,0,0,0,0,0
253,-93,-0.640437,168.895,0.296633,1.54073,0.200668,0.2,8,-0.104257,140.135,0.296633,21.4124,139.791,0.344622,158.04,10.8549,0.550629,0.7,0,0,0,0,0,0,0,0,0,0,0,0,0,0
254,-92,-0.643416,168.812,-0.296549,-8.26356,0.200745,0.2,10,-0.107236,140.216,-0.296549,7.98226,139.785,0.430166,158.035,10.7765,0.550705,0.7,0,0,0,0,0,0,0,0,0,0,0,0,0,0
255,-90,-0.646395,168.655,-0.296422,-15.6068,0.200745,0.2,10,-0.104257,140.21,0.296422,-0.533944,139.78,0.430164,158.035,10.6197,0.550781,0.7,0,0,0,0,0,0,0,0,0,0,0,0,0,0
256,-87,-0.643416,168.417,0.296866,-23.7371,0.200745,0.2,9,-0.104257,140.167,0,-4.26,139.78,0.387418,158.035,10.3815,0.550781,0.7,0,0,0,0,0,0,0,0,0,0,0,0,0,0
257,-89,-0.643416,168.581,0,16.3543,0.200668,0.2,8,-0.104257,140.119,0,-4.79306,139.775,0.344617,158.04,10.5413,0.550858,0.7,0,0,0,0,0,0,0,0,0,0,0,0,0,0
258,-95,-0.640437,169.044,0.296598,46.1119,0.200745,0.2,7,-0.104257,140.092,0,-2.67976,139.791,0.301613,158.035,11.009,0.550629,0.7,0,0,0,0,0,0,0,0,0,0,0,0,0,0
259,-99,-0.643416,169.344,-0.296633,29.847,0.200821,0.2,8,-0.101278,140.141,0.296633,4.81716,139.796,0.344624,158.031,11.3133,0.550552,0.7,0,0,0,0,0,0,0,0,0,0,0,0,0,0
260,-96,-0.643416,169.116,0,-22.6993,0.200821,0.2,10,-0.107236,140.226,-0.592788,8.51204,139.796,0.43017,158.031,11.0851,0.550552,0.7,0,0,0,0,0,0,0,0,0,0,0,0,0,0
261,-91,-0.643416,168.728,0,-38.5794,0.200821,0.2,12,-0.104257,140.306,0.296633,7.96293,139.791,0.515497,158.031,10.6977,0.550629,0.7,0,0,0,0,0,0,0,0,0,0,0,0,0,0
262,-90,-0.646395,168.65,-0.296338,-7.82027,0.200821,0.2,15,-0.104257,140.439,0,13.227,139.796,0.643091,158.031,10.6191,0.550552,0.7,0,0,0,0,0,0,0,0,0,0,0,0,0,0
263,-91,-0.646395,168.739,0,8.84911,0.200668,0.2,16,-0.107236,140.482,-0.296422,4.22162,139.796,0.685514,158.04,10.6989,0.550552,0.7,0,0,0,0,0,0,0,0,0,0,0,0,0,0
264,-94,-0.643416,168.962,0.29619,22.1972,0.200821,0.2,16,-0.104257,140.482,0.29619,0,139.796,0.685514,158.031,10.9313,0.550552,0.7,0,0,0,0,0,0,0,0,0,0,0,0,0,0
265,-100,-0.643416,169.424,0,46.0247,0.200745,0.2,16,-0.107236,140.492,-0.296429,1.06828,139.807,0.685522,158.035,11.3892,0.5504,0.7,0,0,0,0,0,0,0,0,0,0,0,0,0,0
266,-102,-0.646395,169.574,-0.296542,14.9026,0.200745,0.2,18,-0.104257,140.572,0.296542,7.89653,139.802,0.770207,158.035,11.5389,0.550476,0.7,0,0,0,0,0,0,0,0,0,0,0,0,0,0
267,-100,-0.643416,169.424,0.296394,-14.8951,0.200745,0.2,15,-0.107236,140.434,-0.296394,-13.716,139.791,0.643087,158.035,11.3892,0.550629,0.7,0,0,0,0,0,0,0,0,0,0,0,0,0,0
268,-97,-0.646395,169.197,-0.296486,-22.6026,0.200745,0.2,10,-0.101278,140.232,0.592971,-20.1243,139.802,0.430172,158.035,11.1621,0.550476,0.7,0,0,0,0,0,0,0,0,0,0,0,0,0,0
269,-97,-0.643416,169.208,0.296718,1.02703,0.200592,0.2,9,-0.107236,140.189,-0.593436,-4.25799,139.802,0.387426,158.044,11.1632,0.550476,0.7,0,0,0,0,0,0,0,0,0,0,0,0,0,0
270,-96,-0.646395,169.116,-0.296282,-9.13664,0.200821,0.2,11,-0.104257,140.285,0.296282,9.5655,139.812,0.472869,158.031,11.0851,0.550323,0.7,0,0,0,0,0,0,0,0,0,0,0,0,0,0
271,-93,-0.646395,168.895,0,-22.001,0.200668,0.2,13,-0.107236,140.37,-0.296514,8.48332,139.812,0.558093,158.04,10.8549,0.550323,0.7,0,0,0,0,0,0,0,0,0,0,0,0,0,0
272,-91,-0.646395,168.744,0,-14.9883,0.200592,0.2,13,-0.107236,140.349,0,-2.13193,139.791,0.558081,158.044,10.6994,0.550629,0.7,0,0,0,0,0,0,0,0,0,0,0,0,0,0
273,-92,-0.646395,168.812,0,6.75567,0.200745,0.2,20,-0.107236,140.667,0,31.6417,139.812,0.854695,158.035,10.7765,0.550323,0.7,0,0,0,0,0,0,0,0,0,0,0,0,0,0
274,-93,-0.646395,168.89,0,7.754,0.200745,0.2,25,-0.104257,140.866,0.296697,19.8752,139.802,1.06497,158.035,10.8544,0.550476,0.7,0,0,0,0,0,0,0,0,0,0,0,0,0,0
275,-95,-0.646395,169.044,0,15.3817,0.200745,0.2,27,-0.107236,140.95,-0.296394,8.33341,139.802,1.14872,158.035,11.009,0.550476,0.7,0,0,0,0,0,0,0,0,0,0,0,0,0,0
276,-95,-0.649374,169.044,-0.296275,0,0.200745,0.2,23,-0.104257,140.788,0.296275,-16.1464,139.807,0.981015,158.035,11.009,0.5504,0.7,0,0,0,0,0,0,0,0,0,0,0,0,0,0
277,-94,-0.649374,168.972,0,-7.16596,0.200668,0.2,15,-0.104257,140.45,0,-33.6538,139.807,0.643098,158.04,10.9324,0.5504,0.7,0,0,0,0,0,0,0,0,0,0,0,0,0,0
278,-94,-0.643416,168.967,0.592802,-0.513126,0.200745,0.2,10,-0.107236,140.242,-0.296401,-20.6529,139.812,0.430177,158.035,10.9318,0.550323,0.7,0,0,0,0,0,0,0,0,0,0,0,0,0,0
279,-96,-0.646395,169.131,-0.295833,16.3043,0.200592,0.2,9,-0.110215,140.2,-0.295833,-4.24534,139.812,0.38743,158.044,11.0868,0.550323,0.7,0,0,0,0,0,0,0,0,0,0,0,0,0,0
280,-98,-0.649374,169.284,-0.296718,15.1838,0.200592,0.2,11,-0.110215,140.285,0,8.51068,139.812,0.472869,158.044,11.2393,0.550323,0.7,0,0,0,0,0,0,0,0,0,0,0,0,0,0
281,-97,-0.646395,169.203,0.296486,-8.08155,0.200668,0.2,15,-0.107236,140.45,0.296486,16.4095,139.807,0.643098,158.04,11.1627,0.5504,0.7,0,0,0,0,0,0,0,0,0,0,0,0,0,0
282,-91,-0.646395,168.749,0,-44.8818,0.200516,0.2,15,-0.107236,140.45,0,0,139.807,0.643098,158.049,10.7,0.5504,0.7,0,0,0,0,0,0,0,0,0,0,0,0,0,0
283,-88,-0.649374,168.517,-0.298148,-23.2044,0.200439,0.2,9,-0.107236,140.194,0,-25.5902,139.807,0.387428,158.054,10.4636,0.5504,0.7,0,0,0,0,0,0,0,0,0,0,0,0,0,0
284,-90,-0.649374,168.665,0,14.6891,0.200592,0.2,3,-0.107236,139.947,0,-24.5135,139.818,0.129602,158.044,10.6208,0.550247,0.7,0,0,0,0,0,0,0,0,0,0,0,0,0,0
285,-93,-0.649374,168.905,0,23.9575,0.200516,0.2,4,-0.104257,139.99,0.297552,4.30411,139.818,0.172691,158.049,10.8561,0.550247,0.7,0,0,0,0,0,0,0,0,0,0,0,0,0,0
286,-95,-0.649374,169.055,0,14.8493,0.200592,0.2,12,-0.104257,140.333,0,34.0676,139.818,0.515511,158.044,11.0101,0.550247,0.7,0,0,0,0,0,0,0,0,0,0,0,0,0,0
287,-98,-0.646395,169.279,0.29657,22.3041,0.200668,0.2,19,-0.104257,140.63,0,29.5672,139.818,0.812487,158.04,11.2387,0.550247,0.7,0,0,0,0,0,0,0,0,0,0,0,0,0,0
288,-98,-0.649374,169.284,-0.296366,0.51285,0.200592,0.2,18,-0.107236,140.588,-0.296366,-4.20517,139.818,0.770221,158.044,11.2393,0.550247,0.7,0,0,0,0,0,0,0,0,0,0,0,0,0,0
289,-96,-0.652352,169.126,-0.295868,-15.6523,0.200668,0.2,11,-0.104257,140.285,0.295868,-30.0672,139.812,0.472869,158.04,11.0863,0.550323,0.7,0,0,0,0,0,0,0,0,0,0,0,0,0,0
290,-95,-0.649374,169.055,0.296986,-7.13776,0.200592,0.2,8,-0.110215,140.157,-0.593972,-12.7857,139.812,0.344629,158.044,11.0101,0.550323,0.7,0,0,0,0,0,0,0,0,0,0,0,0,0,0
291,-93,-0.652352,168.905,-0.297014,-14.8994,0.200516,0.2,7,-0.101278,140.114,0.891042,-4.28846,139.812,0.301619,158.049,10.8561,0.550323,0.7,0,0,0,0,0,0,0,0,0,0,0,0,0,0
292,-91,-0.649374,168.744,0.296218,-16.0332,0.200592,0.2,7,-0.104257,140.103,-0.296218,-1.06701,139.802,0.301616,158.044,10.6994,0.550476,0.7,0,0,0,0,0,0,0,0,0,0,0,0,0,0
293,-90,-0.649374,168.665,0,-7.80847,0.200592,0.2,7,-0.104257,140.13,0,2.66462,139.828,0.301624,158.044,10.6208,0.550095,0.7,0,0,0,0,0,0,0,0,0,0,0,0,0,0
294,-90,-0.649374,168.676,0,1.02724,0.200439,0.2,4,-0.101278,139.98,0.296577,-14.9732,139.807,0.172689,158.054,10.622,0.5504,0.7,0,0,0,0,0,0,0,0,0,0,0,0,0,0
295,-89,-0.652352,168.597,-0.296838,-7.87196,0.200439,0.2,1,-0.107236,139.856,-0.593675,-12.3635,139.812,0.0432572,158.054,10.543,0.550323,0.7,0,0,0,0,0,0,0,0,0,0,0,0,0,0
296,-87,-0.655331,168.432,-0.296394,-16.3521,0.200516,0.2,2,-0.110215,139.904,-0.296394,4.83225,139.818,0.0864581,158.049,10.3832,0.550247,0.7,0,0,0,0,0,0,0,0,0,0,0,0,0,0
297,-87,-0.652352,168.437,0.296662,0.513887,0.200439,0.2,5,-0.107236,140.044,0.296662,13.9422,139.828,0.215725,158.054,10.3838,0.550095,0.7,0,0,0,0,0,0,0,0,0,0,0,0,0,0
298,-91,-0.652352,168.744,0,30.4939,0.200592,0.2,7,-0.110215,140.125,-0.296394,8.01326,139.823,0.301622,158.044,10.6994,0.550171,0.7,0,0,0,0,0,0,0,0,0,0,0,0,0,0
299,-95,-0.655331,169.049,-0.296873,30.4471,0.200668,0.2,13,-0.107236,140.397,0.296873,27.1657,139.839,0.558108,158.04,11.0095,0.549942,0.7,0,0,0,0,0,0,0,0,0,0,0,0,0,0
300,-95,-0.652352,169.06,0.296542,1.02664,0.200516,0.2,18,-0.107236,140.604,0,20.5836,139.834,0.770235,158.049,11.0107,0.550018,0.7,0,0,0,0,0,0,0,0,0,0,0,0,0,0
301,-95,-0.655331,169.06,-0.296246,0,0.200516,0.2,20,-0.107236,140.683,0,7.86798,139.828,0.854712,158.049,11.0107,0.550095,0.7,0,0,0,0,0,0,0,0,0,0,0,0,0,0
302,-96,-0.652352,169.126,0.29528,6.58563,0.200668,0.2,22,-0.107236,140.778,0,9.41828,139.839,0.938996,158.04,11.0863,0.549942,0.7,0,0,0,0,0,0,0,0,0,0,0,0,0,0
303,-97,-0.655331,169.208,-0.296605,8.11987,0.200592,0.2,25,-0.107236,140.904,0,12.5483,139.839,1.06502,158.044,11.1632,0.549942,0.7,0,0,0,0,0,0,0,0,0,0,0,0,0,0
304,-97,-0.655331,169.208,0,0,0.200592,0.2,23,-0.110215,140.815,-0.29619,-8.88265,139.834,0.981048,158.044,11.1632,0.550018,0.7,0,0,0,0,0,0,0,0,0,0,0,0,0,0
305,-95,-0.655331,169.055,0,-15.2376,0.200592,0.2,17,-0.104257,140.562,0.592788,-25.1872,139.834,0.727915,158.044,11.0101,0.550018,0.7,0,0,0,0,0,0,0,0,0,0,0,0,0,0
306,-93,-0.655331,168.905,0,-14.8493,0.200516,0.2,10,-0.107236,140.259,-0.296015,-30.12,139.828,0.430183,158.049,10.8561,0.550095,0.7,0,0,0,0,0,0,0,0,0,0,0,0,0,0
307,-93,-0.655331,168.91,0,0.51256,0.200439,0.2,6,-0.107236,140.103,0,-15.443,139.844,0.258706,158.054,10.8567,0.549866,0.7,0,0,0,0,0,0,0,0,0,0,0,0,0,0
308,-94,-0.65831,168.988,-0.296514,7.712,0.200439,0.2,6,-0.104257,140.098,0.296514,-0.534014,139.839,0.258705,158.054,10.9341,0.549942,0.7,0,0,0,0,0,0,0,0,0,0,0,0,0,0
309,-94,-0.655331,168.988,0.296099,0,0.200439,0.2,9,-0.107236,140.227,-0.296099,12.7966,139.839,0.387439,158.054,10.9341,0.549942,0.7,0,0,0,0,0,0,0,0,0,0,0,0,0,0
310,-94,-0.655331,168.988,0,0,0.200439,0.2,12,-0.104257,140.349,0.296598,12.2189,139.834,0.515519,158.054,10.9341,0.550018,0.7,0,0,0,0,0,0,0,0,0,0,0,0,0,0
311,-95,-0.652352,169.075,0.296043,8.68824,0.200287,0.2,12,-0.110215,140.338,-0.592086,-1.06664,139.823,0.515514,158.063,11.0124,0.550171,0.7,0,0,0,0,0,0,0,0,0,0,0,0,0,0
312,-97,-0.661289,169.223,-0.887771,14.7009,0.200363,0.2,11,-0.107236,140.323,0.295924,-1.57058,139.85,0.472887,158.058,11.1649,0.549789,0.7,0,0,0,0,0,0,0,0,0,0,0,0,0,0
313,-98,-0.65831,169.289,0.296078,6.53316,0.200516,0.2,9,-0.107236,140.221,0,-10.0926,139.834,0.387438,158.049,11.2398,0.550018,0.7,0,0,0,0,0,0,0,0,0,0,0,0,0,0
314,-99,-0.65831,169.365,0,7.53298,0.200516,0.2,6,-0.104257,140.092,0.29645,-12.8117,139.834,0.258703,158.049,11.3155,0.550018,0.7,0,0,0,0,0,0,0,0,0,0,0,0,0,0
315,-97,-0.65831,169.213,0,-15.0844,0.200516,0.2,3,-0.107236,139.974,-0.296134,-11.7678,139.844,0.129605,158.049,11.1638,0.549866,0.7,0,0,0,0,0,0,0,0,0,0,0,0,0,0
316,-96,-0.652352,169.142,0.591847,-7.07676,0.200439,0.2,1,-0.107236,139.888,0,-8.57807,139.844,0.0432583,158.054,11.088,0.549866,0.7,0,0,0,0,0,0,0,0,0,0,0,0,0,0
317,-95,-0.655331,169.06,-0.29669,-8.15763,0.200516,0.2,2,-0.104257,139.931,0.29669,4.30294,139.844,0.08646,158.049,11.0107,0.549866,0.7,0,0,0,0,0,0,0,0,0,0,0,0,0,0
318,-96,-0.655331,169.142,0,8.14544,0.200439,0.2,5,-0.107236,140.055,-0.296246,12.3225,139.839,0.215727,158.054,11.088,0.549942,0.7,0,0,0,0,0,0,0,0,0,0,0,0,0,0
319,-98,-0.65831,169.289,-0.296338,14.6513,0.200516,0.2,9,-0.113194,140.253,-0.592676,19.7513,139.866,0.387449,158.049,11.2398,0.549561,0.7,0,0,0,0,0,0,0,0,0,0,0,0,0,0
320,-101,-0.65831,169.52,0,22.9491,0.200439,0.2,10,-0.107236,140.275,0.591329,2.11288,139.844,0.43019,158.054,11.4665,0.549866,0.7,0,0,0,0,0,0,0,0,0,0,0,0,0,0
321,-102,-0.655331,169.6,0.295455,7.91824,0.200363,0.2,7,-0.104257,140.151,0.295455,-12.2195,139.85,0.30163,158.058,11.5417,0.549789,0.7,0,0,0,0,0,0,0,0,0,0,0,0,0,0
322,-100,-0.65831,169.44,-0.296422,-15.9216,0.200516,0.2,7,-0.107236,140.162,-0.296422,1.06775,139.861,0.301633,158.049,11.3909,0.549637,0.7,0,0,0,0,0,0,0,0,0,0,0,0,0,0
323,-100,-0.661289,169.45,-0.295308,1.02181,0.200363,0.2,9,-0.107236,140.248,0,8.50743,139.861,0.387447,158.058,11.392,0.549637,0.7,0,0,0,0,0,0,0,0,0,0,0,0,0,0
324,-103,-0.661289,169.669,0,21.8499,0.200439,0.2,10,-0.104257,140.269,0.297346,2.12487,139.839,0.430188,158.054,11.6155,0.549942,0.7,0,0,0,0,0,0,0,0,0,0,0,0,0,0
325,-104,-0.661289,169.753,0,8.38072,0.200287,0.2,12,-0.107236,140.355,-0.296036,8.48065,139.839,0.515522,158.063,11.6907,0.549942,0.7,0,0,0,0,0,0,0,0,0,0,0,0,0,0
326,-102,-0.65831,169.595,0.296662,-15.8032,0.200439,0.2,16,-0.107236,140.535,0,18.0021,139.85,0.685554,158.054,11.5411,0.549789,0.7,0,0,0,0,0,0,0,0,0,0,0,0,0,0
327,-100,-0.664267,169.445,-0.592507,-14.8876,0.200439,0.2,20,-0.107236,140.699,0,16.2917,139.844,0.854728,158.054,11.3915,0.549866,0.7,0,0,0,0,0,0,0,0,0,0,0,0,0,0
328,-99,-0.664267,169.37,0,-7.49515,0.200439,0.2,22,-0.110215,140.783,-0.296303,8.38287,139.844,0.939002,158.054,11.3161,0.549866,0.7,0,0,0,0,0,0,0,0,0,0,0,0,0,0
329,-98,-0.661289,169.294,0.296015,-7.52185,0.200439,0.2,23,-0.107236,140.836,0.296015,5.24691,139.855,0.981074,158.054,11.2404,0.549713,0.7,0,0,0,0,0,0,0,0,0,0,0,0,0,0
330,-96,-0.661289,169.142,0,-15.1745,0.200439,0.2,25,-0.107236,140.926,0,8.89351,139.861,1.06505,158.054,11.088,0.549637,0.7,0,0,0,0,0,0,0,0,0,0,0,0,0,0
331,-94,-0.661289,168.983,0,-15.8175,0.200516,0.2,25,-0.107236,140.904,0,-2.13702,139.839,1.06502,158.049,10.9336,0.549942,0.7,0,0,0,0,0,0,0,0,0,0,0,0,0,0
332,-91,-0.65831,168.759,0.295924,-22.1766,0.200363,0.2,20,-0.107236,140.715,0,-18.7581,139.861,0.854744,158.058,10.7012,0.549637,0.7,0,0,0,0,0,0,0,0,0,0,0,0,0,0
333,-89,-0.664267,168.591,-0.591847,-16.6818,0.200516,0.2,15,-0.104257,140.493,0.295924,-22.0885,139.85,0.643128,158.049,10.5424,0.549789,0.7,0,0,0,0,0,0,0,0,0,0,0,0,0,0
334,-91,-0.664267,168.754,0,16.2032,0.200439,0.2,11,-0.107236,140.317,-0.296542,-17.4819,139.844,0.472884,158.054,10.7006,0.549866,0.7,0,0,0,0,0,0,0,0,0,0,0,0,0,0
335,-96,-0.664267,169.142,0,38.5288,0.200439,0.2,9,-0.107236,140.237,0,-7.96408,139.85,0.387443,158.054,11.088,0.549789,0.7,0,0,0,0,0,0,0,0,0,0,0,0,0,0
336,-100,-0.661289,169.45,0.296127,30.681,0.200363,0.2,9,-0.107236,140.248,0,1.06677,139.861,0.387447,158.058,11.392,0.549637,0.7,0,0,0,0,0,0,0,0,0,0,0,0,0,0
337,-101,-0.664267,169.525,-0.296015,7.45427,0.200363,0.2,10,-0.110215,140.285,-0.296015,3.71499,139.855,0.430194,158.058,11.467,0.549713,0.7,0,0,0,0,0,0,0,0,0,0,0,0,0,0
338,-100,-0.661289,169.445,0.295952,-7.9647,0.200439,0.2,12,-0.110215,140.381,0,9.54472,139.866,0.515536,158.054,11.3915,0.549561,0.7,0,0,0,0,0,0,0,0,0,0,0,0,0,0
339,-96,-0.661289,169.152,0,-29.199,0.200287,0.2,13,-0.110215,140.435,0,5.31082,139.877,0.55813,158.063,11.0891,0.549408,0.7,0,0,0,0,0,0,0,0,0,0,0,0,0,0
340,-91,-0.664267,168.759,-0.294376,-38.7939,0.200363,0.2,10,-0.107236,140.296,0.294376,-13.7028,139.866,0.430199,158.058,10.7012,0.549561,0.7,0,0,0,0,0,0,0,0,0,0,0,0,0,0
341,-89,-0.664267,168.607,0,-15.2185,0.200287,0.2,7,-0.107236,140.151,0,-14.4415,139.85,0.30163,158.063,10.5441,0.549789,0.7,0,0,0,0,0,0,0,0,0,0,0,0,0,0
342,-88,-0.661289,168.517,0.295693,-8.90501,0.200439,0.2,7,-0.107236,140.157,0,0.532559,139.855,0.301631,158.054,10.4636,0.549713,0.7,0,0,0,0,0,0,0,0,0,0,0,0,0,0
343,-89,-0.664267,168.597,-0.296394,7.89944,0.200439,0.2,6,-0.107236,140.119,0,-3.7371,139.861,0.25871,158.054,10.543,0.549637,0.7,0,0,0,0,0,0,0,0,0,0,0,0,0,0
344,-90,-0.667246,168.67,-0.296015,7.33749,0.200516,0.2,4,-0.107236,140.028,0,-9.08053,139.855,0.172696,158.049,10.6214,0.549713,0.7,0,0,0,0,0,0,0,0,0,0,0,0,0,0
345,-88,-0.661289,168.522,0.593492,-14.7504,0.200363,0.2,2,-0.110215,139.947,-0.296746,-8.05644,139.861,0.0864611,158.058,10.4642,0.549637,0.7,0,0,0,0,0,0,0,0,0,0,0,0,0,0
346,-89,-0.664267,168.607,-0.296429,8.41375,0.200287,0.2,4,-0.107236,140.028,0.296429,8.04784,139.855,0.172696,158.063,10.5441,0.549713,0.7,0,0,0,0,0,0,0,0,0,0,0,0,0,0
347,-91,-0.661289,168.77,0.296218,16.1852,0.200211,0.2,6,-0.104257,140.125,0.296218,9.62026,139.866,0.258711,158.067,10.7023,0.549561,0.7,0,0,0,0,0,0,0,0,0,0,0,0,0,0
348,-92,-0.664267,168.832,-0.296718,6.25047,0.200439,0.2,11,-0.107236,140.333,-0.296718,20.8004,139.861,0.472892,158.054,10.7788,0.549637,0.7,0,0,0,0,0,0,0,0,0,0,0,0,0,0
349,-93,-0.664267,168.921,0,8.77223,0.200287,0.2,18,-0.107236,140.625,0,29.0544,139.855,0.770254,158.063,10.8578,0.549713,0.7,0,0,0,0,0,0,0,0,0,0,0,0,0,0
350,-96,-0.667246,169.147,-0.296394,22.5044,0.200363,0.2,19,-0.107236,140.684,0,5.80835,139.871,0.812538,158.058,11.0886,0.549484,0.7,0,0,0,0,0,0,0,0,0,0,0,0,0,0
351,-99,-0.667246,169.38,0,23.1979,0.200287,0.2,16,-0.107236,140.562,0,-12.0925,139.877,0.685575,158.063,11.3172,0.549408,0.7,0,0,0,0,0,0,0,0,0,0,0,0,0,0
352,-101,-0.664267,169.53,0.295777,14.9299,0.200287,0.2,16,-0.113194,140.557,-0.591553,-0.532963,139.871,0.685571,158.063,11.4676,0.549484,0.7,0,0,0,0,0,0,0,0,0,0,0,0,0,0
353,-100,-0.661289,169.45,0.296746,-7.98602,0.200363,0.2,16,-0.110215,140.551,0.296746,-0.53471,139.866,0.685567,158.058,11.392,0.549561,0.7,0,0,0,0,0,0,0,0,0,0,0,0,0,0
354,-97,-0.667246,169.228,-0.594155,-22.1327,0.200287,0.2,12,-0.107236,140.392,0.297078,-15.887,139.877,0.515541,158.063,11.1655,0.549408,0.7,0,0,0,0,0,0,0,0,0,0,0,0,0,0
355,-93,-0.667246,168.921,0,-30.6517,0.200287,0.2,9,-0.107236,140.259,0,-13.2934,139.871,0.387451,158.063,10.8578,0.549484,0.7,0,0,0,0,0,0,0,0,0,0,0,0,0,0
356,-90,-0.664267,168.696,0.296753,-22.351,0.200134,0.2,15,-0.110215,140.52,-0.296753,26.0073,139.877,0.643146,158.072,10.6243,0.549408,0.7,0,0,0,0,0,0,0,0,0,0,0,0,0,0
357,-90,-0.667246,168.691,-0.296753,-0.513933,0.200211,0.2,20,-0.107236,140.721,0.296753,20.0118,139.866,0.85475,158.067,10.6237,0.549561,0.7,0,0,0,0,0,0,0,0,0,0,0,0,0,0
358,-93,-0.667246,168.931,0,23.8043,0.200134,0.2,15,-0.107236,140.514,0,-20.4706,139.871,0.643142,158.072,10.8589,0.549484,0.7,0,0,0,0,0,0,0,0,0,0,0,0,0,0
359,-96,-0.670225,169.152,-0.297729,22.0901,0.200287,0.2,7,-0.107236,140.194,0,-31.9887,139.893,0.301641,158.063,11.0891,0.549179,0.7,0,0,0,0,0,0,0,0,0,0,0,0,0,0
360,-97,-0.664267,169.244,0.591497,9.11984,0.200058,0.2,1,-0.107236,139.915,0,-27.7836,139.871,0.0432592,158.077,11.1672,0.549484,0.7,0,0,0,0,0,0,0,0,0,0,0,0,0,0
361,-95,-0.670225,169.075,-0.595699,-16.8585,0.200287,0.2,-2,-0.110215,139.795,-0.29785,-11.921,139.882,-0.0866894,158.063,11.0124,0.549332,0.7,0,0,0,0,0,0,0,0,0,0,0,0,0,0
362,-94,-0.667246,169.008,0.295924,-6.63551,0.200134,0.2,-3,-0.107236,139.741,0.295924,-5.3801,139.871,-0.130119,158.072,10.9364,0.549484,0.7,0,0,0,0,0,0,0,0,0,0,0,0,0,0
363,-95,-0.667246,169.075,0,6.63551,0.200287,0.2,-1,-0.110215,139.839,-0.295924,9.68896,139.882,-0.0433162,158.063,11.0124,0.549332,0.7,0,0,0,0,0,0,0,0,0,0,0,0,0,0
364,-95,-0.670225,169.07,-0.29669,-0.51358,0.200363,0.2,1,-0.107236,139.931,0.29669,9.15727,139.887,0.0432597,158.058,11.0118,0.549255,0.7,0,0,0,0,0,0,0,0,0,0,0,0,0,0
365,-96,-0.667246,169.147,0.296246,7.63258,0.200363,0.2,5,-0.110215,140.098,-0.296246,16.6197,139.882,0.215735,158.058,11.0886,0.549332,0.7,0,0,0,0,0,0,0,0,0,0,0,0,0,0
366,-99,-0.664267,169.38,0.296282,23.2023,0.200287,0.2,11,-0.104257,140.36,0.592563,26.1126,139.887,0.472904,158.063,11.3172,0.549255,0.7,0,0,0,0,0,0,0,0,0,0,0,0,0,0
367,-102,-0.667246,169.605,-0.294487,22.2476,0.200287,0.2,17,-0.110215,140.605,-0.588974,24.1538,139.877,0.72795,158.063,11.5423,0.549408,0.7,0,0,0,0,0,0,0,0,0,0,0,0,0,0
368,-102,-0.667246,169.6,0,-0.514,0.200363,0.2,20,-0.107236,140.742,0.29717,13.7221,139.887,0.854771,158.058,11.5417,0.549255,0.7,0,0,0,0,0,0,0,0,0,0,0,0,0,0
369,-100,-0.667246,169.45,0,-14.8959,0.200363,0.2,18,-0.107236,140.658,0,-8.40763,139.887,0.770282,158.058,11.392,0.549255,0.7,0,0,0,0,0,0,0,0,0,0,0,0,0,0
370,-99,-0.667246,169.37,0,-8.00872,0.200439,0.2,13,-0.110215,140.429,-0.296338,-22.7066,139.871,0.558127,158.054,11.3161,0.549484,0.7,0,0,0,0,0,0,0,0,0,0,0,0,0,0
371,-101,-0.667246,169.536,0,16.5175,0.200211,0.2,11,-0.110215,140.366,0,-6.35179,139.893,0.472907,158.067,11.4682,0.549179,0.7,0,0,0,0,0,0,0,0,0,0,0,0,0,0
372,-100,-0.667246,169.455,0,-7.96873,0.200287,0.2,10,-0.107236,140.318,0.296106,-4.77767,139.887,0.430207,158.063,11.3926,0.549255,0.7,0,0,0,0,0,0,0,0,0,0,0,0,0,0
373,-100,-0.670225,169.455,-0.296394,0,0.200287,0.2,10,-0.110215,140.328,-0.296394,1.06779,139.898,0.430212,158.063,11.3926,0.549103,0.7,0,0,0,0,0,0,0,0,0,0,0,0,0,0
374,-103,-0.670225,169.674,0,21.7648,0.200363,0.2,10,-0.107236,140.312,0.29619,-1.60058,139.882,0.430205,158.058,11.6161,0.549332,0.7,0,0,0,0,0,0,0,0,0,0,0,0,0,0
375,-109,-0.670225,170.119,0,44.2548,0.200287,0.2,11,-0.113194,140.366,-0.593027,5.31836,139.893,0.472907,158.063,12.0561,0.549179,0.7,0,0,0,0,0,0,0,0,0,0,0,0,0,0
376,-112,-0.670225,170.34,0,22.0025,0.200211,0.2,12,-0.107236,140.414,0.593788,4.78507,139.898,0.515552,158.067,12.2722,0.549103,0.7,0,0,0,0,0,0,0,0,0,0,0,0,0,0
377,-109,-0.670225,170.119,0,-21.966,0.200287,0.2,10,-0.110215,140.328,-0.296401,-8.49174,139.898,0.430212,158.063,12.0561,0.549103,0.7,0,0,0,0,0,0,0,0,0,0,0,0,0,0
378,-104,-0.670225,169.764,0,-35.3337,0.200134,0.2,8,-0.110215,140.237,0,-9.0469,139.893,0.344653,158.072,11.6918,0.549179,0.7,0,0,0,0,0,0,0,0,0,0,0,0,0,0
379,-100,-0.667246,169.455,0.29681,-30.7261,0.200287,0.2,10,-0.107236,140.323,0.29681,8.52494,139.893,0.43021,158.063,11.3926,0.549179,0.7,0,0,0,0,0,0,0,0,0,0,0,0,0,0
380,-98,-0.670225,169.304,-0.296457,-15.0319,0.200287,0.2,12,-0.107236,140.414,0,9.02736,139.898,0.515552,158.063,11.2416,0.549103,0.7,0,0,0,0,0,0,0,0,0,0,0,0,0,0
381,-96,-0.670225,169.147,0,-15.6842,0.200363,0.2,10,-0.110215,140.328,-0.296478,-8.49396,139.898,0.430212,158.058,11.0886,0.549103,0.7,0,0,0,0,0,0,0,0,0,0,0,0,0,0
382,-94,-0.670225,168.998,0,-14.7693,0.200287,0.2,5,-0.110215,140.13,0,-19.7042,139.914,0.215741,158.063,10.9353,0.548874,0.7,0,0,0,0,0,0,0,0,0,0,0,0,0,0
383,-94,-0.670225,168.998,0,0,0.200287,0.2,4,-0.107236,140.082,0.295952,-4.80876,139.909,0.172704,158.063,10.9353,0.54895,0.7,0,0,0,0,0,0,0,0,0,0,0,0,0,0
384,-97,-0.673204,169.228,-0.29631,22.903,0.200287,0.2,9,-0.107236,140.296,0,21.363,139.909,0.387464,158.063,11.1655,0.54895,0.7,0,0,0,0,0,0,0,0,0,0,0,0,0,0
385,-100,-0.670225,169.45,0.296429,22.0844,0.200363,0.2,14,-0.107236,140.488,0,19.0821,139.887,0.600671,158.058,11.392,0.549255,0.7,0,0,0,0,0,0,0,0,0,0,0,0,0,0
386,-101,-0.670225,169.536,0,8.49007,0.200211,0.2,14,-0.107236,140.493,0,0.534062,139.893,0.600675,158.067,11.4682,0.549179,0.7,0,0,0,0,0,0,0,0,0,0,0,0,0,0
387,-101,-0.670225,169.52,0,-1.53711,0.200439,0.2,14,-0.110215,140.499,-0.29619,0.533645,139.898,0.600678,158.054,11.4665,0.549103,0.7,0,0,0,0,0,0,0,0,0,0,0,0,0,0
388,-101,-0.676183,169.536,-0.592971,1.53864,0.200211,0.2,13,-0.110215,140.462,0,-3.69959,139.903,0.558145,158.067,11.4682,0.549026,0.7,0,0,0,0,0,0,0,0,0,0,0,0,0,0
389,-102,-0.670225,169.595,0.593436,5.89903,0.200439,0.2,10,-0.107236,140.323,0.296718,-13.8122,139.893,0.43021,158.054,11.5411,0.549179,0.7,0,0,0,0,0,0,0,0,0,0,0,0,0,0
390,-104,-0.673204,169.753,-0.29619,15.7781,0.200287,0.2,5,-0.110215,140.125,-0.29619,-19.7255,139.909,0.21574,158.063,11.6907,0.54895,0.7,0,0,0,0,0,0,0,0,0,0,0,0,0,0
391,-104,-0.670225,169.753,0.296718,0,0.200287,0.2,1,-0.104257,139.952,0.593436,-17.1808,139.909,0.0432605,158.063,11.6907,0.54895,0.7,0,0,0,0,0,0,0,0,0,0,0,0,0,0
392,-101,-0.673204,169.536,-0.295721,-21.6323,0.200211,0.2,4,-0.107236,140.076,-0.295721,12.3181,139.903,0.172703,158.067,11.4682,0.549026,0.7,0,0,0,0,0,0,0,0,0,0,0,0,0,0
393,-96,-0.670225,169.152,0.296457,-38.1801,0.200287,0.2,10,-0.107236,140.334,0,25.6283,139.903,0.430214,158.063,11.0891,0.549026,0.7,0,0,0,0,0,0,0,0,0,0,0,0,0,0
394,-95,-0.670225,169.075,0,-7.63705,0.200287,0.2,12,-0.107236,140.408,0,7.4244,139.893,0.51555,158.063,11.0124,0.549179,0.7,0,0,0,0,0,0,0,0,0,0,0,0,0,0
395,-97,-0.673204,169.228,-0.296514,15.2433,0.200287,0.2,8,-0.107236,140.259,0,-14.8751,139.914,0.34466,158.063,11.1655,0.548874,0.7,0,0,0,0,0,0,0,0,0,0,0,0,0,0
396,-96,-0.676183,169.162,-0.296106,-6.56844,0.200134,0.2,4,-0.107236,140.076,0,-18.1597,139.903,0.172703,158.072,11.0903,0.549026,0.7,0,0,0,0,0,0,0,0,0,0,0,0,0,0
397,-92,-0.673204,168.838,0.29563,-32.2192,0.200363,0.2,3,-0.113194,140.033,-0.591259,-4.27664,139.903,0.129612,158.058,10.7794,0.549026,0.7,0,0,0,0,0,0,0,0,0,0,0,0,0,0
398,-91,-0.673204,168.77,0,-6.78326,0.200211,0.2,4,-0.107236,140.076,0.595103,4.30445,139.903,0.172703,158.067,10.7023,0.549026,0.7,0,0,0,0,0,0,0,0,0,0,0,0,0,0
399,-91,-0.670225,168.764,0.295245,-0.511276,0.200287,0.2,8,-0.107236,140.264,0,18.6387,139.92,0.344662,158.063,10.7017,0.548798,0.7,0,0,0,0,0,0,0,0,0,0,0,0,0,0
400,-97,-0.670225,169.233,0,46.7725,0.200211,0.2,13,-0.110215,140.462,-0.297106,19.6881,139.903,0.558145,158.067,11.1661,0.549026,0.7,0,0,0,0,0,0,0,0,0,0,0,0,0,0
401,-100,-0.676183,169.455,-0.593323,22.1016,0.200287,0.2,13,-0.110215,140.467,0,0.534463,139.909,0.558148,158.063,11.3926,0.54895,0.7,0,0,0,0,0,0,0,0,0,0,0,0,0,0
402,-103,-0.670225,169.695,0.590268,23.7288,0.200058,0.2,7,-0.107236,140.216,0.295134,-24.8824,139.914,0.301647,158.077,11.6183,0.548874,0.7,0,0,0,0,0,0,0,0,0,0,0,0,0,0
403,-101,-0.673204,169.541,-0.297134,-15.3792,0.200134,0.2,3,-0.107236,140.038,0,-17.6956,139.909,0.129612,158.072,11.4687,0.54895,0.7,0,0,0,0,0,0,0,0,0,0,0,0,0,0
404,-96,-0.673204,169.162,0,-37.6631,0.200134,0.2,3,-0.107236,140.065,0,2.66898,139.936,0.129615,158.072,11.0903,0.548569,0.7,0,0,0,0,0,0,0,0,0,0,0,0,0,0
405,-95,-0.673204,169.075,0,-8.60662,0.200287,0.2,6,-0.107236,140.178,0,11.1731,139.92,0.258723,158.063,11.0124,0.548798,0.7,0,0,0,0,0,0,0,0,0,0,0,0,0,0
406,-96,-0.673204,169.162,0,8.66853,0.200134,0.2,8,-0.110215,140.264,-0.296605,8.55714,139.92,0.344662,158.072,11.0903,0.548798,0.7,0,0,0,0,0,0,0,0,0,0,0,0,0,0
407,-95,-0.676183,169.085,-0.295308,-7.60825,0.200134,0.2,9,-0.113194,140.323,-0.295308,5.83946,139.936,0.387474,158.072,11.0135,0.548569,0.7,0,0,0,0,0,0,0,0,0,0,0,0,0,0
408,-94,-0.673204,169.008,0.296015,-7.66238,0.200134,0.2,10,-0.104257,140.366,0.888045,4.24858,139.936,0.430227,158.072,10.9364,0.548569,0.7,0,0,0,0,0,0,0,0,0,0,0,0,0,0
409,-94,-0.670225,169.014,0.295952,0.512358,0.200058,0.2,9,-0.110215,140.307,-0.591904,-5.84688,139.92,0.387468,158.077,10.937,0.548798,0.7,0,0,0,0,0,0,0,0,0,0,0,0,0,0
410,-93,-0.676183,168.926,-0.592381,-8.72898,0.200211,0.2,11,-0.110215,140.382,0,7.42955,139.909,0.472914,158.067,10.8584,0.54895,0.7,0,0,0,0,0,0,0,0,0,0,0,0,0,0
411,-91,-0.676183,168.77,0,-15.4751,0.200211,0.2,15,-0.107236,140.552,0.295364,16.8818,139.909,0.643168,158.067,10.7023,0.54895,0.7,0,0,0,0,0,0,0,0,0,0,0,0,0,0
412,-93,-0.673204,168.926,0.294723,15.4415,0.200211,0.2,15,-0.107236,140.573,0,2.12413,139.93,0.643183,158.067,10.8584,0.548645,0.7,0,0,0,0,0,0,0,0,0,0,0,0,0,0
413,-95,-0.676183,169.085,-0.296549,15.9024,0.200134,0.2,11,-0.107236,140.398,0,-17.4842,139.925,0.472921,158.072,11.0135,0.548721,0.7,0,0,0,0,0,0,0,0,0,0,0,0,0,0
414,-95,-0.679161,169.075,-0.297071,-1.02848,0.200287,0.2,9,-0.107236,140.312,0,-8.52197,139.925,0.38747,158.063,11.0124,0.548721,0.7,0,0,0,0,0,0,0,0,0,0,0,0,0,0
415,-92,-0.673204,168.848,0.592971,-22.6206,0.200211,0.2,9,-0.107236,140.312,0,0,139.925,0.38747,158.067,10.7805,0.548721,0.7,0,0,0,0,0,0,0,0,0,0,0,0,0,0
416,-92,-0.676183,168.853,-0.296429,0.513282,0.200134,0.2,11,-0.110215,140.409,-0.296429,9.57154,139.936,0.472926,158.072,10.7811,0.548569,0.7,0,0,0,0,0,0,0,0,0,0,0,0,0,0
417,-92,-0.673204,168.838,0.296394,-1.53966,0.200363,0.2,13,-0.107236,140.488,0.296394,7.94727,139.93,0.55816,158.058,10.7794,0.548645,0.7,0,0,0,0,0,0,0,0,0,0,0,0,0,0
418,-92,-0.676183,168.858,-0.296303,2.05225,0.200058,0.2,16,-0.110215,140.621,-0.296303,13.212,139.936,0.685619,158.077,10.7817,0.548569,0.7,0,0,0,0,0,0,0,0,0,0,0,0,0,0
419,-96,-0.673204,169.157,0.296514,29.7486,0.200211,0.2,17,-0.110215,140.658,0,3.68418,139.93,0.727994,158.067,11.0897,0.548645,0.7,0,0,0,0,0,0,0,0,0,0,0,0,0,0
420,-102,-0.676183,169.61,-0.296486,45.1034,0.200211,0.2,17,-0.107236,140.653,0.296486,-0.534274,139.925,0.727989,158.067,11.5429,0.548721,0.7,0,0,0,0,0,0,0,0,0,0,0,0,0,0
421,-106,-0.68214,169.916,-0.592381,30.4034,0.200058,0.2,17,-0.107236,140.658,0,0.533742,139.93,0.727994,158.077,11.8394,0.548645,0.7,0,0,0,0,0,0,0,0,0,0,0,0,0,0
422,-107,-0.676183,169.974,0.591918,5.72575,0.200287,0.2,18,-0.110215,140.711,-0.295959,5.27206,139.941,0.770329,158.063,11.9108,0.548492,0.7,0,0,0,0,0,0,0,0,0,0,0,0,0,0
423,-105,-0.676183,169.837,0,-13.5312,0.200134,0.2,16,-0.104257,140.621,0.592016,-8.95083,139.936,0.685619,158.072,11.7655,0.548569,0.7,0,0,0,0,0,0,0,0,0,0,0,0,0,0
424,-101,-0.676183,169.536,0,-30.0196,0.200211,0.2,13,-0.107236,140.499,-0.29619,-12.1397,139.941,0.558167,158.067,11.4682,0.548492,0.7,0,0,0,0,0,0,0,0,0,0,0,0,0,0
425,-96,-0.679161,169.157,-0.29669,-37.6965,0.200211,0.2,16,-0.107236,140.637,0,13.764,139.952,0.685631,158.067,11.0897,0.54834,0.7,0,0,0,0,0,0,0,0,0,0,0,0,0,0
426,-94,-0.679161,169.003,0,-15.3071,0.200211,0.2,21,-0.107236,140.833,0,19.4277,139.936,0.89699,158.067,10.9358,0.548569,0.7,0,0,0,0,0,0,0,0,0,0,0,0,0,0
427,-97,-0.673204,169.239,0.592381,23.4062,0.200134,0.2,21,-0.107236,140.822,0,-1.06777,139.925,0.896978,158.072,11.1667,0.548721,0.7,0,0,0,0,0,0,0,0,0,0,0,0,0,0
428,-101,-0.676183,169.541,-0.296486,30.0671,0.200134,0.2,16,-0.110215,140.632,-0.296486,-18.901,139.946,0.685627,158.072,11.4687,0.548416,0.7,0,0,0,0,0,0,0,0,0,0,0,0,0,0
429,-103,-0.676183,169.69,0,14.7988,0.200134,0.2,12,-0.110215,140.446,0,-18.4853,139.93,0.515569,158.072,11.6178,0.548645,0.7,0,0,0,0,0,0,0,0,0,0,0,0,0,0
430,-100,-0.676183,169.455,0,-23.3852,0.200287,0.2,14,-0.107236,140.542,0.297254,9.56625,139.941,0.600705,158.063,11.3926,0.548492,0.7,0,0,0,0,0,0,0,0,0,0,0,0,0,0
431,-91,-0.676183,168.77,0,-68.2773,0.200211,0.2,16,-0.110215,140.621,-0.296605,7.92104,139.936,0.685619,158.067,10.7023,0.548569,0.7,0,0,0,0,0,0,0,0,0,0,0,0,0,0
432,-85,-0.679161,168.292,-0.293767,-47.099,0.200211,0.2,15,-0.113194,140.568,-0.293767,-5.24326,139.925,0.643179,158.067,10.2247,0.548721,0.7,0,0,0,0,0,0,0,0,0,0,0,0,0,0
433,-85,-0.679161,168.308,0,1.55006,0.199982,0.2,11,-0.107236,140.398,0.596467,-17.0461,139.925,0.472921,158.081,10.2265,0.548721,0.7,0,0,0,0,0,0,0,0,0,0,0,0,0,0
434,-87,-0.676183,168.458,0.295162,14.911,0.200134,0.2,6,-0.107236,140.189,0,-20.6928,139.93,0.258726,158.072,10.3861,0.548645,0.7,0,0,0,0,0,0,0,0,0,0,0,0,0,0
435,-91,-0.676183,168.77,0,31.1462,0.200211,0.2,7,-0.107236,140.243,0,5.36293,139.941,0.301655,158.067,10.7023,0.548492,0.7,0,0,0,0,0,0,0,0,0,0,0,0,0,0
436,-97,-0.676183,169.244,0,47.173,0.200058,0.2,12,-0.110215,140.446,-0.296394,20.2175,139.93,0.515569,158.077,11.1672,0.548645,0.7,0,0,0,0,0,0,0,0,0,0,0,0,0,0
437,-101,-0.676183,169.551,0,30.5769,0.199982,0.2,16,-0.110215,140.616,0,16.9235,139.93,0.685615,158.081,11.4699,0.548645,0.7,0,0,0,0,0,0,0,0,0,0,0,0,0,0
438,-101,-0.679161,169.53,-0.29657,-2.05212,0.200287,0.2,17,-0.110215,140.674,0,5.82255,139.946,0.728007,158.063,11.4676,0.548416,0.7,0,0,0,0,0,0,0,0,0,0,0,0,0,0
439,-102,-0.679161,169.61,0,7.93632,0.200211,0.2,15,-0.107236,140.611,0.296134,-6.2973,139.968,0.643209,158.067,11.5429,0.548111,0.7,0,0,0,0,0,0,0,0,0,0,0,0,0,0
440,-104,-0.676183,169.769,0.296718,15.8058,0.200058,0.2,13,-0.110215,140.494,-0.296718,-11.677,139.936,0.558164,158.077,11.6924,0.548569,0.7,0,0,0,0,0,0,0,0,0,0,0,0,0,0
441,-104,-0.679161,169.753,-0.296366,-1.53744,0.200287,0.2,12,-0.107236,140.457,0.296366,-3.70366,139.941,0.515575,158.063,11.6907,0.548492,0.7,0,0,0,0,0,0,0,0,0,0,0,0,0,0
442,-104,-0.676183,169.759,0.296338,0.512432,0.200211,0.2,14,-0.110215,140.563,-0.296338,10.6047,139.962,0.600719,158.067,11.6912,0.548187,0.7,0,0,0,0,0,0,0,0,0,0,0,0,0,0
443,-102,-0.676183,169.626,0,-13.2189,0.199982,0.2,17,-0.110215,140.696,0,13.1942,139.968,0.728024,158.081,11.5446,0.548111,0.7,0,0,0,0,0,0,0,0,0,0,0,0,0,0
444,-99,-0.676183,169.385,0,-23.9063,0.200211,0.2,17,-0.110215,140.685,0,-1.06718,139.957,0.728016,158.067,11.3178,0.548264,0.7,0,0,0,0,0,0,0,0,0,0,0,0,0,0
445,-97,-0.679161,169.233,-0.296542,-15.1047,0.200211,0.2,14,-0.107236,140.547,0.296542,-13.7415,139.946,0.600709,158.067,11.1661,0.548416,0.7,0,0,0,0,0,0,0,0,0,0,0,0,0,0
446,-95,-0.676183,169.096,0.296457,-13.7008,0.199982,0.2,11,-0.107236,140.435,0,-11.1147,139.962,0.472939,158.081,11.0147,0.548187,0.7,0,0,0,0,0,0,0,0,0,0,0,0,0,0
447,-95,-0.676183,169.08,0,-1.53874,0.200211,0.2,8,-0.110215,140.296,-0.296303,-13.8259,139.952,0.344672,158.067,11.013,0.54834,0.7,0,0,0,0,0,0,0,0,0,0,0,0,0,0
448,-98,-0.679161,169.32,-0.296457,23.8338,0.200058,0.2,8,-0.110215,140.312,0,1.60186,139.968,0.344677,158.077,11.2433,0.548111,0.7,0,0,0,0,0,0,0,0,0,0,0,0,0,0
449,-103,-0.679161,169.685,0,36.27,0.200211,0.2,14,-0.107236,140.558,0.29619,24.3922,139.957,0.600715,158.067,11.6172,0.548264,0.7,0,0,0,0,0,0,0,0,0,0,0,0,0,0
450,-105,-0.68214,169.843,-0.296598,15.7351,0.200058,0.2,20,-0.110215,140.801,-0.296598,24.2343,139.946,0.854831,158.077,11.7661,0.548416,0.7,0,0,0,0,0,0,0,0,0,0,0,0,0,0
451,-102,-0.679161,169.615,0.296254,-22.5988,0.200134,0.2,19,-0.110215,140.764,0,-3.66529,139.952,0.812614,158.072,11.5434,0.54834,0.7,0,0,0,0,0,0,0,0,0,0,0,0,0,0
452,-98,-0.679161,169.315,0,-29.8808,0.200134,0.2,15,-0.110215,140.606,0,-15.767,139.962,0.643205,158.072,11.2427,0.548187,0.7,0,0,0,0,0,0,0,0,0,0,0,0,0,0
453,-98,-0.679161,169.315,0,0,0.200134,0.2,13,-0.110215,140.51,0,-9.5398,139.952,0.558173,158.072,11.2427,0.54834,0.7,0,0,0,0,0,0,0,0,0,0,0,0,0,0
454,-100,-0.679161,169.455,0,14.0042,0.200287,0.2,15,-0.107236,140.606,0.296422,9.52917,139.962,0.643205,158.063,11.3926,0.548187,0.7,0,0,0,0,0,0,0,0,0,0,0,0,0,0
455,-99,-0.679161,169.395,0,-5.96007,0.200058,0.2,15,-0.110215,140.6,-0.296457,-0.534158,139.957,0.643202,158.077,11.319,0.548264,0.7,0,0,0,0,0,0,0,0,0,0,0,0,0,0
456,-95,-0.68214,169.085,-0.296015,-30.8074,0.200134,0.2,12,-0.107236,140.483,0.296015,-11.6155,139.968,0.515588,158.072,11.0135,0.548111,0.7,0,0,0,0,0,0,0,0,0,0,0,0,0,0
457,-94,-0.679161,169.008,0.296218,-7.66765,0.200134,0.2,6,-0.107236,140.216,0,-26.6093,139.957,0.258732,158.072,10.9364,0.548264,0.7,0,0,0,0,0,0,0,0,0,0,0,0,0,0
458,-93,-0.679161,168.931,0,-7.71399,0.200134,0.2,4,-0.113194,140.119,-0.593196,-9.63336,139.946,0.17271,158.072,10.8589,0.548416,0.7,0,0,0,0,0,0,0,0,0,0,0,0,0,0
459,-91,-0.679161,168.775,0,-15.4783,0.200134,0.2,4,-0.110215,140.151,0.295427,3.19207,139.979,0.172714,158.072,10.7029,0.547958,0.7,0,0,0,0,0,0,0,0,0,0,0,0,0,0
460,-91,-0.679161,168.77,0,-0.513218,0.200211,0.2,4,-0.107236,140.13,0.296366,-2.13481,139.957,0.172711,158.067,10.7023,0.548264,0.7,0,0,0,0,0,0,0,0,0,0,0,0,0,0
461,-100,-0.676183,169.466,0.296753,69.3382,0.200134,0.2,4,-0.107236,140.151,0,2.1376,139.979,0.172714,158.072,11.3937,0.547958,0.7,0,0,0,0,0,0,0,0,0,0,0,0,0,0
462,-99,-0.679161,169.385,-0.295658,-7.99016,0.200211,0.2,1,-0.113194,140.006,-0.591315,-14.4458,139.962,0.0432623,158.067,11.3178,0.548187,0.7,0,0,0,0,0,0,0,0,0,0,0,0,0,0
463,-94,-0.68214,169.019,-0.295896,-36.4058,0.199982,0.2,0,-0.110215,139.973,0.295896,-3.23189,139.973,8.16629e-10,158.081,10.9376,0.548035,0.7,0,0,0,0,0,0,0,0,0,0,0,0,0,0
464,-92,-0.68214,168.853,0,-16.4986,0.200134,0.2,1,-0.110215,140.016,0,4.30942,139.973,0.0432626,158.072,10.7811,0.548035,0.7,0,0,0,0,0,0,0,0,0,0,0,0,0,0
465,-94,-0.679161,169.008,0.29631,15.45,0.200134,0.2,4,-0.110215,140.162,0,14.4778,139.989,0.172716,158.072,10.9364,0.547806,0.7,0,0,0,0,0,0,0,0,0,0,0,0,0,0
466,-97,-0.679161,169.249,0,23.9402,0.199982,0.2,8,-0.110215,140.323,0,16.0468,139.979,0.34468,158.081,11.1678,0.547958,0.7,0,0,0,0,0,0,0,0,0,0,0,0,0,0
467,-99,-0.68214,169.395,-0.296718,14.5999,0.200058,0.2,11,-0.110215,140.441,0,11.7077,139.968,0.472941,158.077,11.319,0.548111,0.7,0,0,0,0,0,0,0,0,0,0,0,0,0,0
468,-99,-0.68214,169.39,0,-0.512495,0.200134,0.2,17,-0.110215,140.69,0,24.83,139.962,0.72802,158.072,11.3184,0.548187,0.7,0,0,0,0,0,0,0,0,0,0,0,0,0,0
469,-100,-0.68214,169.471,0,8.014,0.200058,0.2,21,-0.104257,140.87,0.593084,17.8931,139.973,0.89703,158.077,11.3943,0.548035,0.7,0,0,0,0,0,0,0,0,0,0,0,0,0,0
470,-100,-0.68214,169.471,0,0,0.200058,0.2,21,-0.107236,140.881,-0.296457,1.06873,139.984,0.897042,158.077,11.3943,0.547882,0.7,0,0,0,0,0,0,0,0,0,0,0,0,0,0
471,-100,-0.68214,169.466,0,-0.511114,0.200134,0.2,17,-0.110215,140.701,-0.295427,-17.8261,139.973,0.728029,158.072,11.3937,0.548035,0.7,0,0,0,0,0,0,0,0,0,0,0,0,0,0
472,-101,-0.68214,169.536,0,6.95719,0.200211,0.2,11,-0.113194,140.435,-0.296662,-26.4731,139.962,0.472939,158.067,11.4682,0.548187,0.7,0,0,0,0,0,0,0,0,0,0,0,0,0,0
473,-103,-0.68214,169.69,0,15.2801,0.200134,0.2,6,-0.110215,140.216,0.295217,-21.7609,139.957,0.258732,158.072,11.6178,0.548264,0.7,0,0,0,0,0,0,0,0,0,0,0,0,0,0
474,-105,-0.679161,169.843,0.297701,15.2787,0.200058,0.2,4,-0.107236,140.141,0.297701,-7.52474,139.968,0.172713,158.077,11.7661,0.548111,0.7,0,0,0,0,0,0,0,0,0,0,0,0,0,0
475,-105,-0.68214,169.822,-0.296598,-2.05126,0.200363,0.2,6,-0.110215,140.237,-0.296598,9.63354,139.979,0.258737,158.058,11.7638,0.547958,0.7,0,0,0,0,0,0,0,0,0,0,0,0,0,0
476,-103,-0.679161,169.69,0.296401,-13.1622,0.200134,0.2,11,-0.113194,140.435,-0.296401,19.7129,139.962,0.472939,158.072,11.6178,0.548187,0.7,0,0,0,0,0,0,0,0,0,0,0,0,0,0
477,-102,-0.68214,169.62,-0.296598,-6.88989,0.200058,0.2,15,-0.107236,140.622,0.593196,18.5567,139.979,0.643217,158.077,11.544,0.547958,0.7,0,0,0,0,0,0,0,0,0,0,0,0,0,0
478,-104,-0.68214,169.764,0,14.2439,0.200134,0.2,14,-0.107236,140.579,0,-4.22559,139.979,0.600729,158.072,11.6918,0.547958,0.7,0,0,0,0,0,0,0,0,0,0,0,0,0,0
479,-105,-0.68214,169.837,0,7.33944,0.200134,0.2,9,-0.107236,140.366,0,-21.2344,139.979,0.387489,158.072,11.7655,0.547958,0.7,0,0,0,0,0,0,0,0,0,0,0,0,0,0
480,-104,-0.679161,169.759,0.296338,-7.84473,0.200211,0.2,8,-0.110215,140.323,-0.296338,-4.25882,139.979,0.34468,158.067,11.6912,0.547958,0.7,0,0,0,0,0,0,0,0,0,0,0,0,0,0
481,-104,-0.68214,169.769,-0.296282,1.02467,0.200058,0.2,12,-0.113194,140.51,-0.296282,18.6011,139.995,0.515602,158.077,11.6924,0.547729,0.7,0,0,0,0,0,0,0,0,0,0,0,0,0,0
482,-103,-0.679161,169.7,0.295896,-6.84135,0.199982,0.2,11,-0.110215,140.457,0.295896,-5.30253,139.984,0.472949,158.081,11.6189,0.547882,0.7,0,0,0,0,0,0,0,0,0,0,0,0,0,0
483,-101,-0.685119,169.546,-0.592142,-15.3241,0.200058,0.2,6,-0.110215,140.232,0,-22.3576,139.973,0.258736,158.077,11.4693,0.548035,0.7,0,0,0,0,0,0,0,0,0,0,0,0,0,0
484,-99,-0.679161,169.401,0.591735,-14.4222,0.199982,0.2,6,-0.110215,140.253,0,2.1314,139.995,0.258741,158.081,11.3195,0.547729,0.7,0,0,0,0,0,0,0,0,0,0,0,0,0,0
485,-99,-0.68214,169.39,-0.29645,-1.02589,0.200134,0.2,14,-0.107236,140.585,0.29645,32.9677,139.984,0.600732,158.072,11.3184,0.547882,0.7,0,0,0,0,0,0,0,0,0,0,0,0,0,0
486,-96,-0.679161,169.167,0.296838,-22.218,0.200058,0.2,19,-0.110215,140.797,-0.296838,21.1172,139.984,0.812644,158.077,11.0908,0.547882,0.7,0,0,0,0,0,0,0,0,0,0,0,0,0,0
487,-94,-0.68214,169.014,-0.296457,-15.3116,0.200058,0.2,16,-0.113194,140.67,-0.296457,-12.6383,139.984,0.685655,158.077,10.937,0.547882,0.7,0,0,0,0,0,0,0,0,0,0,0,0,0,0
488,-96,-0.679161,169.173,0.295511,15.7742,0.199982,0.2,11,-0.107236,140.462,0.591022,-20.5693,139.989,0.472951,158.081,11.0914,0.547806,0.7,0,0,0,0,0,0,0,0,0,0,0,0,0,0
489,-99,-0.68214,169.39,-0.296429,21.6743,0.200134,0.2,11,-0.110215,140.457,-0.296429,-0.533985,139.984,0.472949,158.072,11.3184,0.547882,0.7,0,0,0,0,0,0,0,0,0,0,0,0,0,0
490,-102,-0.685119,169.62,-0.29669,22.9269,0.200058,0.2,14,-0.110215,140.595,0,13.7965,139.995,0.600739,158.077,11.544,0.547729,0.7,0,0,0,0,0,0,0,0,0,0,0,0,0,0
491,-104,-0.68214,169.764,0.296514,14.2564,0.200134,0.2,15,-0.107236,140.627,0.296514,3.16088,139.984,0.64322,158.072,11.6918,0.547882,0.7,0,0,0,0,0,0,0,0,0,0,0,0,0,0
492,-105,-0.68214,169.832,0,6.81589,0.200211,0.2,11,-0.110215,140.457,-0.296162,-16.9291,139.984,0.472949,158.067,11.7649,0.547882,0.7,0,0,0,0,0,0,0,0,0,0,0,0,0,0
493,-104,-0.685119,169.764,-0.296303,-6.81913,0.200134,0.2,9,-0.110215,140.366,0,-9.03425,139.979,0.387489,158.072,11.6918,0.547958,0.7,0,0,0,0,0,0,0,0,0,0,0,0,0,0
494,-104,-0.679161,169.769,0.591847,0.511717,0.200058,0.2,8,-0.110215,140.35,0,-1.5879,140.005,0.344688,158.077,11.6924,0.547577,0.7,0,0,0,0,0,0,0,0,0,0,0,0,0,0
495,-106,-0.685119,169.911,-0.592746,14.1224,0.200134,0.2,6,-0.107236,140.253,0.296373,-9.61862,139.995,0.258741,158.072,11.8389,0.547729,0.7,0,0,0,0,0,0,0,0,0,0,0,0,0,0
496,-107,-0.685119,169.994,0,8.29173,0.199982,0.2,4,-0.107236,140.173,0,-8.02179,140,0.172718,158.081,11.9131,0.547653,0.7,0,0,0,0,0,0,0,0,0,0,0,0,0,0
497,-108,-0.68214,170.062,0.296781,6.73696,0.200058,0.2,5,-0.110215,140.205,-0.296781,3.2192,139.989,0.215755,158.077,11.9853,0.547806,0.7,0,0,0,0,0,0,0,0,0,0,0,0,0,0
498,-112,-0.685119,170.35,-0.296542,28.6774,0.200058,0.2,9,-0.107236,140.377,0.296542,17.0968,139.989,0.387493,158.077,12.2734,0.547806,0.7,0,0,0,0,0,0,0,0,0,0,0,0,0,0
