count,tension_left,ms_left,ms_left_model,ms_speed_left,ms_speed_left_model,pressure_left,g_pressure_1,tension_right,ms_right,ms_right_model,ms_speed_right,ms_speed_right_model,natural_length_right_model,deformation_right_model,natural_length_left_model,deformation_left_model,pressure_right,g_pressure_2,start of cycle,angle,m5_Ia_+,m5_Ia_model_+,m5_Ia_-,m5_Ia_model_-,m5_Ib_-,m5_Ib_+,m7_Ia_+,m7_Ia_model_+,m7_Ia_-,m7_Ia_model_-,m7_Ib_-,m7_Ib_+,4.38774,3.02346,170.136,178.542,65535,19296,0.131836,
200,0,-1.47152,134.018,0,0,0.600372,0.7,141,0.0297878,170.449,0.29669,4.28508,164.307,6.14164,134.018,3.26271e-08,0.201889,0.2,0,0,0,0,0,0,0,0,0,0,0,0,0,0
201,0,-1.47152,134.013,0,-0.456199,0.600449,0.7,138,0.0327666,170.331,0.296366,-11.7507,164.318,6.0128,134.013,3.25817e-08,0.201736,0.2,0,0,0,0,0,0,0,0,0,0,0,0,0,0
202,0,-1.46854,134.018,0.296282,0.45607,0.600372,0.7,135,0.0297878,170.213,-0.296282,-11.756,164.329,5.88388,134.018,3.26271e-08,0.201584,0.2,0,0,0,0,0,0,0,0,0,0,0,0,0,0
203,0,-1.46854,134.022,0,0.456513,0.600296,0.7,135,0.026809,170.196,-0.29657,-1.63873,164.313,5.88351,134.022,3.26726e-08,0.201813,0.2,0,0,0,0,0,0,0,0,0,0,0,0,0,0
204,0,-1.47152,134.027,-0.296015,0.455659,0.60022,0.7,138,0.0297878,170.325,0.296015,12.8354,164.313,6.01268,134.027,3.27182e-08,0.201813,0.2,0,0,0,0,0,0,0,0,0,0,0,0,0,0
205,0,-1.47449,134.018,-0.296542,-0.91294,0.600372,0.7,137,0.0297878,170.277,0,-4.83184,164.307,5.9695,134.018,3.26271e-08,0.201889,0.2,0,0,0,0,0,0,0,0,0,0,0,0,0,0
206,0,-1.47449,134.013,0,-0.45634,0.600449,0.7,133,0.0297878,170.104,0,-17.1432,164.307,5.79725,134.013,3.25817e-08,0.201889,0.2,0,0,0,0,0,0,0,0,0,0,0,0,0,0
207,0,-1.46854,134.018,0.592788,0.456243,0.600372,0.7,131,0.026809,170.035,-0.296394,-6.9384,164.323,5.71143,134.018,3.26271e-08,0.20166,0.2,0,0,0,0,0,0,0,0,0,0,0,0,0,0
208,0,-1.47152,134.022,-0.295833,0.455379,0.600296,0.7,130,0.026809,169.997,0,-3.73649,164.329,5.66844,134.022,3.26726e-08,0.201584,0.2,0,0,0,0,0,0,0,0,0,0,0,0,0,0
209,0,-1.47152,134.018,0,-0.455886,0.600372,0.7,131,0.026809,170.029,0,3.19579,164.318,5.71131,134.018,3.26271e-08,0.201736,0.2,0,0,0,0,0,0,0,0,0,0,0,0,0,0
210,0,-1.47152,134.013,0,-0.45634,0.600449,0.7,133,0.0238302,170.115,-0.296457,8.57672,164.318,5.79749,134.013,3.25817e-08,0.201736,0.2,0,0,0,0,0,0,0,0,0,0,0,0,0,0
211,0,-1.47747,134.027,-0.592901,1.36899,0.60022,0.7,132,0.0238302,170.078,0,-3.74234,164.323,5.75452,134.027,3.27182e-08,0.20166,0.2,0,0,0,0,0,0,0,0,0,0,0,0,0,0
212,0,-1.47152,134.036,0.592507,0.912053,0.600067,0.7,128,0.0238302,169.894,0,-18.2373,164.313,5.58188,134.036,3.28095e-08,0.201813,0.2,0,0,0,0,0,0,0,0,0,0,0,0,0,0
213,0,-1.46854,134.027,0.296478,-0.912745,0.60022,0.7,124,0.0208514,169.716,-0.296478,-17.7163,164.307,5.40924,134.027,3.27182e-08,0.201889,0.2,0,0,0,0,0,0,0,0,0,0,0,0,0,0
214,0,-1.46854,134.018,0,-0.912139,0.600372,0.7,128,0.0238302,169.905,0.296282,18.7938,164.323,5.5821,134.018,3.26271e-08,0.20166,0.2,0,0,0,0,0,0,0,0,0,0,0,0,0,0
215,0,-1.47449,134.031,-0.593436,1.37022,0.600143,0.7,135,0.0208514,170.213,-0.296718,30.5951,164.329,5.88388,134.031,3.27638e-08,0.201584,0.2,0,0,0,0,0,0,0,0,0,0,0,0,0,0
216,0,-1.47152,134.031,0.296429,0,0.600143,0.7,136,0.0238302,170.256,0.296429,4.28567,164.329,5.92695,134.031,3.27638e-08,0.201584,0.2,0,0,0,0,0,0,0,0,0,0,0,0,0,0
217,0,-1.47449,134.031,-0.296486,0,0.600143,0.7,132,0.026809,170.078,0.296486,-17.696,164.323,5.75452,134.031,3.27638e-08,0.20166,0.2,0,0,0,0,0,0,0,0,0,0,0,0,0,0
218,0,-1.47152,134.027,0.295602,-0.455023,0.60022,0.7,130,0.026809,169.992,0,-8.55376,164.323,5.66833,134.027,3.27182e-08,0.20166,0.2,0,0,0,0,0,0,0,0,0,0,0,0,0,0
219,0,-1.47152,134.031,0,0.455745,0.600143,0.7,131,0.0238302,170.046,-0.296071,5.37343,164.334,5.71166,134.031,3.27638e-08,0.201508,0.2,0,0,0,0,0,0,0,0,0,0,0,0,0,0
220,0,-1.46854,134.036,0.296478,0.456373,0.600067,0.7,128,0.026809,169.911,0.296478,-13.4179,164.329,5.58221,134.036,3.28095e-08,0.201584,0.2,0,0,0,0,0,0,0,0,0,0,0,0,0,0
221,0,-1.46854,134.027,0,-0.912594,0.60022,0.7,125,0.026809,169.787,0,-12.3326,164.334,5.45292,134.027,3.27182e-08,0.201508,0.2,0,0,0,0,0,0,0,0,0,0,0,0,0,0
222,0,-1.47449,134.041,-0.592915,1.36902,0.599991,0.7,125,0.0297878,169.787,0.296457,0,164.334,5.45292,134.041,3.28553e-08,0.201508,0.2,0,0,0,0,0,0,0,0,0,0,0,0,0,0
223,0,-1.47449,134.031,0,-0.909486,0.600143,0.7,125,0.026809,169.781,-0.29542,-0.542583,164.329,5.45281,134.031,3.27638e-08,0.201584,0.2,0,0,0,0,0,0,0,0,0,0,0,0,0,0
224,0,-1.47449,134.031,0,0,0.600143,0.7,122,0.026809,169.63,0,-15.1153,164.307,5.32293,134.031,3.27638e-08,0.201889,0.2,0,0,0,0,0,0,0,0,0,0,0,0,0,0
225,0,-1.47152,134.031,0.295308,0,0.600143,0.7,120,0.026809,169.56,0,-6.93432,164.323,5.2369,134.031,3.27638e-08,0.20166,0.2,0,0,0,0,0,0,0,0,0,0,0,0,0,0
226,0,-1.47449,134.041,-0.297198,0.91496,0.599991,0.7,122,0.0238302,169.663,-0.297198,10.2511,164.339,5.32355,134.041,3.28553e-08,0.201431,0.2,0,0,0,0,0,0,0,0,0,0,0,0,0,0
227,0,-1.47449,134.027,0,-1.36886,0.60022,0.7,123,0.0238302,169.712,0,4.83965,164.345,5.36682,134.027,3.27182e-08,0.201355,0.2,0,0,0,0,0,0,0,0,0,0,0,0,0,0
228,0,-1.47449,134.031,0,0.455745,0.600143,0.7,124,0.0208514,169.722,-0.296071,1.02807,164.313,5.40935,134.031,3.27638e-08,0.201813,0.2,0,0,0,0,0,0,0,0,0,0,0,0,0,0
229,0,-1.46854,134.045,0.593732,1.37091,0.599915,0.7,126,0.026809,169.825,0.593732,10.2348,164.329,5.49595,134.045,3.29011e-08,0.201584,0.2,0,0,0,0,0,0,0,0,0,0,0,0,0,0
230,0,-1.47449,134.041,-0.59345,-0.456752,0.599991,0.7,129,0.0178727,169.965,-0.890175,13.9788,164.339,5.62556,134.041,3.28553e-08,0.201431,0.2,0,0,0,0,0,0,0,0,0,0,0,0,0,0
231,0,-1.47449,134.041,0,0,0.599991,0.7,126,0.0208514,169.841,0.296422,-12.3309,164.345,5.49628,134.041,3.28553e-08,0.201355,0.2,0,0,0,0,0,0,0,0,0,0,0,0,0,0
232,0,-1.47152,134.045,0.29681,0.456882,0.599915,0.7,120,0.0238302,169.56,0.29681,-27.9831,164.323,5.2369,134.045,3.29011e-08,0.20166,0.2,0,0,0,0,0,0,0,0,0,0,0,0,0,0
233,0,-1.47152,134.041,0,-0.456611,0.599991,0.7,116,0.0208514,169.398,-0.296633,-16.119,164.334,5.0643,134.041,3.28553e-08,0.201508,0.2,0,0,0,0,0,0,0,0,0,0,0,0,0,0
234,0,-1.47449,134.036,-0.296542,-0.45647,0.600067,0.7,116,0.0208514,169.404,0,0.543334,164.339,5.0644,134.036,3.28095e-08,0.201431,0.2,0,0,0,0,0,0,0,0,0,0,0,0,0,0
235,0,-1.47449,134.041,0,0.456568,0.599991,0.7,119,0.0208514,169.522,0,11.8179,164.329,5.19381,134.041,3.28553e-08,0.201584,0.2,0,0,0,0,0,0,0,0,0,0,0,0,0,0
236,0,-1.47152,134.036,0.296542,-0.45647,0.600067,0.7,123,0.0238302,169.706,0.296542,18.281,164.339,5.36672,134.036,3.28095e-08,0.201431,0.2,0,0,0,0,0,0,0,0,0,0,0,0,0,0
237,0,-1.47152,134.041,0,0.456698,0.599991,0.7,126,0.026809,169.841,0.29669,13.4388,164.345,5.49628,134.041,3.28553e-08,0.201355,0.2,0,0,0,0,0,0,0,0,0,0,0,0,0,0
238,0,-1.47152,134.041,0,0,0.599991,0.7,127,0.0208514,169.884,-0.592212,4.28813,164.345,5.53942,134.041,3.28553e-08,0.201355,0.2,0,0,0,0,0,0,0,0,0,0,0,0,0,0
239,0,-1.47449,134.05,-0.295952,0.911124,0.599838,0.7,124,0.026809,169.771,0.591904,-11.2297,164.361,5.4103,134.05,3.2947e-08,0.201126,0.2,0,0,0,0,0,0,0,0,0,0,0,0,0,0
240,0,-1.47449,134.05,0,0,0.599838,0.7,122,0.0208514,169.679,-0.592381,-9.12832,164.355,5.32386,134.05,3.2947e-08,0.201202,0.2,0,0,0,0,0,0,0,0,0,0,0,0,0,0
241,0,-1.47449,134.045,0,-0.456286,0.599915,0.7,124,0.0238302,169.749,0.296422,6.95836,164.339,5.40988,134.045,3.29011e-08,0.201431,0.2,0,0,0,0,0,0,0,0,0,0,0,0,0,0
242,0,-1.47449,134.041,0,-0.457067,0.599991,0.7,126,0.026809,169.83,0.296929,8.05652,164.334,5.49606,134.041,3.28553e-08,0.201508,0.2,0,0,0,0,0,0,0,0,0,0,0,0,0,0
243,0,-1.47449,134.041,0,0,0.599991,0.7,126,0.0238302,169.841,-0.296422,1.08915,164.345,5.49628,134.041,3.28553e-08,0.201355,0.2,0,0,0,0,0,0,0,0,0,0,0,0,0,0
244,0,-1.47449,134.041,0,0,0.599991,0.7,121,0.0178727,169.62,-0.592676,-22.0122,164.339,5.28038,134.041,3.28553e-08,0.201431,0.2,0,0,0,0,0,0,0,0,0,0,0,0,0,0
245,0,-1.47449,134.045,0,0.456882,0.599915,0.7,117,0.0238302,169.458,0.593619,-16.127,164.35,5.1078,134.045,3.29011e-08,0.201279,0.2,0,0,0,0,0,0,0,0,0,0,0,0,0,0
246,0,-1.47449,134.05,0,0.456427,0.599838,0.7,120,0.0208514,169.566,-0.296514,10.7249,164.329,5.237,134.05,3.2947e-08,0.201584,0.2,0,0,0,0,0,0,0,0,0,0,0,0,0,0
247,0,-1.47152,134.054,0.296542,0.45647,0.599762,0.7,126,0.0148939,169.825,-0.593084,25.7795,164.329,5.49595,134.054,3.29929e-08,0.201584,0.2,0,0,0,0,0,0,0,0,0,0,0,0,0,0
248,0,-1.47449,134.045,-0.296078,-0.911512,0.599915,0.7,129,0.0178727,169.981,0.296078,15.5816,164.355,5.6259,134.045,3.29011e-08,0.201202,0.2,0,0,0,0,0,0,0,0,0,0,0,0,0,0
249,0,-1.47449,134.054,0,0.911664,0.599762,0.7,128,0.0148939,169.922,-0.296127,-5.92027,164.339,5.58244,134.054,3.29929e-08,0.201431,0.2,0,0,0,0,0,0,0,0,0,0,0,0,0,0
250,0,-1.47449,134.05,0,-0.456243,0.599838,0.7,123,0.0148939,169.706,0,-21.4644,164.339,5.36672,134.05,3.2947e-08,0.201431,0.2,0,0,0,0,0,0,0,0,0,0,0,0,0,0
251,0,-1.47449,134.054,0,0.456113,0.599762,0.7,119,0.0178727,169.544,0.29631,-16.0934,164.35,5.1942,134.054,3.29929e-08,0.201279,0.2,0,0,0,0,0,0,0,0,0,0,0,0,0,0
252,0,-1.47152,134.05,0.296901,-0.457023,0.599838,0.7,118,0.0178727,169.501,0,-4.30573,164.35,5.15101,134.05,3.2947e-08,0.201279,0.2,0,0,0,0,0,0,0,0,0,0,0,0,0,0
253,0,-1.47747,134.054,-0.592605,0.456102,0.599762,0.7,117,0.0208514,169.469,0.296303,-3.21172,164.361,5.10799,134.054,3.29929e-08,0.201126,0.2,0,0,0,0,0,0,0,0,0,0,0,0,0,0
254,0,-1.47449,134.063,0.296282,0.912139,0.599609,0.7,117,0.0208514,169.474,0,0.543002,164.366,5.10809,134.063,3.3085e-08,0.20105,0.2,0,0,0,0,0,0,0,0,0,0,0,0,0,0
255,0,-1.47449,134.054,0,-0.910585,0.599762,0.7,114,0.0208514,169.35,0,-12.3346,164.372,4.9785,134.054,3.29929e-08,0.200974,0.2,0,0,0,0,0,0,0,0,0,0,0,0,0,0
256,0,-1.47747,134.05,-0.296422,-0.456286,0.599838,0.7,118,0.0208514,169.501,0,15.0312,164.35,5.15101,134.05,3.2947e-08,0.201279,0.2,0,0,0,0,0,0,0,0,0,0,0,0,0,0
257,0,-1.48343,134.059,-0.592915,0.91268,0.599686,0.7,120,0.0208514,169.604,0,10.2291,164.366,5.2377,134.059,3.30389e-08,0.20105,0.2,0,0,0,0,0,0,0,0,0,0,0,0,0,0
258,0,-1.47449,134.05,0.887771,-0.911037,0.599838,0.7,120,0.0238302,169.609,0.295924,0.542777,164.372,5.2378,134.05,3.2947e-08,0.200974,0.2,0,0,0,0,0,0,0,0,0,0,0,0,0,0
259,0,-1.47747,134.05,-0.29657,0,0.599838,0.7,119,0.0208514,169.539,-0.29657,-7.01985,164.345,5.19411,134.05,3.2947e-08,0.201355,0.2,0,0,0,0,0,0,0,0,0,0,0,0,0,0
260,0,-1.47747,134.063,0,1.36902,0.599609,0.7,117,0.0238302,169.463,0.296457,-7.51241,164.355,5.1079,134.063,3.3085e-08,0.201202,0.2,0,0,0,0,0,0,0,0,0,0,0,0,0,0
261,0,-1.47747,134.063,0,0,0.599609,0.7,112,0.0208514,169.269,-0.296394,-19.3374,164.377,4.8921,134.063,3.3085e-08,0.200897,0.2,0,0,0,0,0,0,0,0,0,0,0,0,0,0
262,0,-1.47449,134.063,0.296662,0,0.599609,0.7,109,0.0178727,169.112,-0.296662,-15.6397,164.35,4.76188,134.063,3.3085e-08,0.201279,0.2,0,0,0,0,0,0,0,0,0,0,0,0,0,0
263,0,-1.47449,134.059,0,-0.456795,0.599686,0.7,111,0.0148939,169.193,-0.296753,8.07682,164.345,4.84832,134.059,3.30389e-08,0.201355,0.2,0,0,0,0,0,0,0,0,0,0,0,0,0,0
264,0,-1.47747,134.068,-0.295602,0.910046,0.599533,0.7,112,0.0208514,169.264,0.591203,6.99724,164.372,4.89201,134.068,3.31311e-08,0.200974,0.2,0,0,0,0,0,0,0,0,0,0,0,0,0,0
265,0,-1.47747,134.063,0,-0.457154,0.599609,0.7,111,0.0178727,169.215,-0.296986,-4.85619,164.366,4.84867,134.063,3.3085e-08,0.20105,0.2,0,0,0,0,0,0,0,0,0,0,0,0,0,0
266,0,-1.47449,134.059,0.295134,-0.454303,0.599686,0.7,110,0.0178727,169.166,0,-4.82637,164.361,4.80532,134.059,3.30389e-08,0.201126,0.2,0,0,0,0,0,0,0,0,0,0,0,0,0,0
267,0,-1.47449,134.063,0,0.456568,0.599609,0.7,112,0.0148939,169.258,-0.296605,9.1575,164.366,4.89192,134.063,3.3085e-08,0.20105,0.2,0,0,0,0,0,0,0,0,0,0,0,0,0,0
268,0,-1.47747,134.059,-0.295805,-0.455335,0.599686,0.7,117,0.0148939,169.48,0,22.0082,164.372,5.10818,134.059,3.30389e-08,0.200974,0.2,0,0,0,0,0,0,0,0,0,0,0,0,0,0
269,0,-1.47449,134.068,0.296127,0.911664,0.599533,0.7,123,0.0148939,169.739,0,25.7639,164.372,5.36734,134.068,3.31311e-08,0.200974,0.2,0,0,0,0,0,0,0,0,0,0,0,0,0,0
270,0,-1.47449,134.063,0,-0.456026,0.599609,0.7,124,0.0148939,169.766,0,2.66132,164.355,5.41019,134.063,3.3085e-08,0.201202,0.2,0,0,0,0,0,0,0,0,0,0,0,0,0,0
271,0,-1.47449,134.073,0,0.911491,0.599457,0.7,122,0.0148939,169.685,0,-8.03768,164.361,5.32396,134.073,3.31773e-08,0.201126,0.2,0,0,0,0,0,0,0,0,0,0,0,0,0,0
272,0,-1.48045,134.063,-0.592198,-0.911577,0.599609,0.7,120,0.0178727,169.598,0.296099,-8.58508,164.361,5.2376,134.063,3.3085e-08,0.201126,0.2,0,0,0,0,0,0,0,0,0,0,0,0,0,0
273,0,-1.47747,134.068,0.296753,0.456795,0.599533,0.7,123,0.0178727,169.723,0,12.3602,164.355,5.36703,134.068,3.31311e-08,0.201202,0.2,0,0,0,0,0,0,0,0,0,0,0,0,0,0
274,0,-1.47747,134.077,0,0.912485,0.59938,0.7,124,0.0208514,169.771,0.296394,4.83904,164.361,5.4103,134.077,3.32235e-08,0.201126,0.2,0,0,0,0,0,0,0,0,0,0,0,0,0,0
275,0,-1.47449,134.059,0.296394,-1.82497,0.599686,0.7,121,0.0208514,169.642,0,-12.8871,164.361,5.28078,134.059,3.30389e-08,0.201126,0.2,0,0,0,0,0,0,0,0,0,0,0,0,0,0
276,0,-1.47449,134.068,0,0.912031,0.599533,0.7,122,0.0148939,169.69,-0.592493,4.83797,164.366,5.32407,134.068,3.31311e-08,0.20105,0.2,0,0,0,0,0,0,0,0,0,0,0,0,0,0
277,0,-1.48045,134.068,-0.592915,0,0.599533,0.7,127,0.0178727,169.922,0.296457,23.1109,164.382,5.54019,134.068,3.31311e-08,0.200821,0.2,0,0,0,0,0,0,0,0,0,0,0,0,0,0
278,0,-1.47747,134.068,0.295924,0,0.599533,0.7,129,0.0178727,169.981,0,5.85029,164.355,5.6259,134.068,3.31311e-08,0.201202,0.2,0,0,0,0,0,0,0,0,0,0,0,0,0,0
279,0,-1.48045,134.077,-0.295721,0.910412,0.59938,0.7,125,0.0178727,169.82,0,-16.0436,164.366,5.45356,134.077,3.32235e-08,0.20105,0.2,0,0,0,0,0,0,0,0,0,0,0,0,0,0
280,0,-1.47747,134.059,0.296718,-1.82696,0.599686,0.7,119,0.0208514,169.555,0.296718,-26.3496,164.361,5.1944,134.059,3.30389e-08,0.201126,0.2,0,0,0,0,0,0,0,0,0,0,0,0,0,0
281,0,-1.47747,134.077,0,1.82519,0.59938,0.7,116,0.0208514,169.426,0,-12.8998,164.361,5.06477,134.077,3.32235e-08,0.201126,0.2,0,0,0,0,0,0,0,0,0,0,0,0,0,0
282,0,-1.48045,134.077,-0.296394,0,0.59938,0.7,114,0.0178727,169.356,-0.296394,-6.97416,164.377,4.97859,134.077,3.32235e-08,0.200897,0.2,0,0,0,0,0,0,0,0,0,0,0,0,0,0
283,0,-1.48045,134.082,0,0.456427,0.599304,0.7,113,0.0148939,169.296,-0.296514,-5.93313,164.361,4.93508,134.082,3.32699e-08,0.201126,0.2,0,0,0,0,0,0,0,0,0,0,0,0,0,0
284,0,-1.48343,134.077,-0.29619,-0.455929,0.59938,0.7,117,0.0148939,169.469,0,17.1932,164.361,5.10799,134.077,3.32235e-08,0.201126,0.2,0,0,0,0,0,0,0,0,0,0,0,0,0,0
285,0,-1.47449,134.086,0.890154,0.913482,0.599228,0.7,124,0.0119151,169.788,-0.296718,31.7476,164.377,5.41062,134.086,3.33162e-08,0.200897,0.2,0,0,0,0,0,0,0,0,0,0,0,0,0,0
286,0,-1.47747,134.073,-0.296486,-1.36915,0.599457,0.7,126,0.0148939,169.846,0.296486,5.86779,164.35,5.49639,134.073,3.31773e-08,0.201279,0.2,0,0,0,0,0,0,0,0,0,0,0,0,0,0
287,0,-1.48045,134.068,-0.296457,-0.45634,0.599533,0.7,125,0.0119151,169.825,-0.296457,-2.11614,164.372,5.45367,134.068,3.31311e-08,0.200974,0.2,0,0,0,0,0,0,0,0,0,0,0,0,0,0
288,0,-1.48045,134.086,0,1.82151,0.599228,0.7,124,0.0148939,169.782,0.295833,-4.28639,164.372,5.41051,134.086,3.33162e-08,0.200974,0.2,0,0,0,0,0,0,0,0,0,0,0,0,0,0
289,0,-1.48045,134.082,0,-0.45607,0.599304,0.7,124,0.00893633,169.804,-0.592563,2.17609,164.393,5.41094,134.082,3.32699e-08,0.200668,0.2,0,0,0,0,0,0,0,0,0,0,0,0,0,0
290,0,-1.47747,134.091,0.296633,0.913222,0.599152,0.7,127,0.0119151,169.917,0.296633,11.2582,164.377,5.54008,134.091,3.33627e-08,0.200897,0.2,0,0,0,0,0,0,0,0,0,0,0,0,0,0
291,0,-1.47747,134.082,0,-0.912745,0.599304,0.7,130,0.0178727,170.041,0.592957,12.3336,164.372,5.66936,134.082,3.32699e-08,0.200974,0.2,0,0,0,0,0,0,0,0,0,0,0,0,0,0
292,0,-1.48045,134.086,-0.296457,0.45634,0.599228,0.7,134,0.0148939,170.23,-0.296457,18.7974,164.388,5.84215,134.086,3.33162e-08,0.200745,0.2,0,0,0,0,0,0,0,0,0,0,0,0,0,0
293,0,-1.47449,134.082,0.592437,-0.455972,0.599304,0.7,134,0.0148939,170.208,0,-2.18178,164.366,5.84166,134.082,3.32699e-08,0.20105,0.2,0,0,0,0,0,0,0,0,0,0,0,0,0,0
294,0,-1.48343,134.091,-0.889288,0.912594,0.599152,0.7,128,0.0178727,169.949,0.296429,-25.7406,164.366,5.583,134.091,3.33627e-08,0.20105,0.2,0,0,0,0,0,0,0,0,0,0,0,0,0,0
295,0,-1.48045,134.091,0.296366,0,0.599152,0.7,121,0.0178727,169.674,0,-27.3391,164.393,5.28139,134.091,3.33627e-08,0.200668,0.2,0,0,0,0,0,0,0,0,0,0,0,0,0,0
296,0,-1.47747,134.086,0.296275,-0.456059,0.599228,0.7,118,0.0178727,169.539,0,-13.4343,164.388,5.15169,134.086,3.33162e-08,0.200745,0.2,0,0,0,0,0,0,0,0,0,0,0,0,0,0
297,0,-1.48045,134.077,-0.296218,-0.911945,0.59938,0.7,117,0.0208514,169.48,0.296218,-5.92624,164.372,5.10818,134.077,3.32235e-08,0.200974,0.2,0,0,0,0,0,0,0,0,0,0,0,0,0,0
298,0,-1.48045,134.082,0,0.455163,0.599304,0.7,118,0.0238302,169.539,0.295693,5.91572,164.388,5.15169,134.082,3.32699e-08,0.200745,0.2,0,0,0,0,0,0,0,0,0,0,0,0,0,0
299,0,-1.47747,134.091,0.29645,0.912659,0.599152,0.7,121,0.0238302,169.663,0,12.3545,164.382,5.28119,134.091,3.33627e-08,0.200821,0.2,0,0,0,0,0,0,0,0,0,0,0,0,0,0
300,0,-1.48045,134.096,-0.296486,0.456383,0.599075,0.7,122,0.0178727,169.712,-0.592971,4.84246,164.388,5.32448,134.096,3.34092e-08,0.200745,0.2,0,0,0,0,0,0,0,0,0,0,0,0,0,0
301,0,-1.48045,134.086,0,-0.90852,0.599228,0.7,122,0.0148939,169.679,-0.295106,-3.24941,164.355,5.32386,134.086,3.33162e-08,0.201202,0.2,0,0,0,0,0,0,0,0,0,0,0,0,0,0
302,0,-1.48343,134.082,-0.297963,-0.458658,0.599304,0.7,125,0.0148939,169.831,0,15.1417,164.377,5.45378,134.082,3.32699e-08,0.200897,0.2,0,0,0,0,0,0,0,0,0,0,0,0,0,0
303,0,-1.48045,134.091,0.295169,0.908713,0.599152,0.7,129,0.0148939,170.025,0,19.2713,164.398,5.62681,134.091,3.33627e-08,0.200592,0.2,0,0,0,0,0,0,0,0,0,0,0,0,0,0
304,0,-1.48045,134.096,0,0.458156,0.599075,0.7,131,0.0178727,170.1,0.297637,7.52333,164.388,5.71283,134.096,3.34092e-08,0.200745,0.2,0,0,0,0,0,0,0,0,0,0,0,0,0,0
305,0,-1.48343,134.1,-0.296366,0.456199,0.598999,0.7,128,0.0119151,169.96,-0.592732,-13.9623,164.377,5.58322,134.1,3.34558e-08,0.200897,0.2,0,0,0,0,0,0,0,0,0,0,0,0,0,0
306,0,-1.48343,134.096,0,-0.45634,0.599075,0.7,121,0.00893633,169.669,-0.296457,-28.9814,164.388,5.28129,134.096,3.34092e-08,0.200745,0.2,0,0,0,0,0,0,0,0,0,0,0,0,0,0
307,0,-1.48045,134.105,0.296478,0.912745,0.598923,0.7,117,0.0119151,169.502,0.296478,-16.6576,164.393,5.10857,134.105,3.35024e-08,0.200668,0.2,0,0,0,0,0,0,0,0,0,0,0,0,0,0
308,0,-1.48045,134.096,0,-0.910779,0.599075,0.7,117,0.0119151,169.48,0,-2.16878,164.372,5.10818,134.096,3.34092e-08,0.200974,0.2,0,0,0,0,0,0,0,0,0,0,0,0,0,0
309,0,-1.48343,134.096,-0.29631,0,0.599075,0.7,119,0.0148939,169.577,0.29631,9.68288,164.382,5.1948,134.096,3.34092e-08,0.200821,0.2,0,0,0,0,0,0,0,0,0,0,0,0,0,0
310,0,-1.48045,134.096,0.296422,0,0.599075,0.7,119,0.0148939,169.572,0,-0.543548,164.377,5.1947,134.096,3.34092e-08,0.200897,0.2,0,0,0,0,0,0,0,0,0,0,0,0,0,0
311,0,-1.47747,134.1,0.296366,0.456199,0.598999,0.7,116,0.0148939,169.453,0,-11.8122,164.388,5.06525,134.1,3.34558e-08,0.200745,0.2,0,0,0,0,0,0,0,0,0,0,0,0,0,0
312,0,-1.48045,134.1,-0.296457,0,0.598999,0.7,111,0.0208514,169.237,0.592915,-21.5199,164.388,4.84902,134.1,3.34558e-08,0.200745,0.2,0,0,0,0,0,0,0,0,0,0,0,0,0,0
313,0,-1.48045,134.1,0,0,0.598999,0.7,109,0.0148939,169.139,-0.59231,-9.6877,164.377,4.7623,134.1,3.34558e-08,0.200897,0.2,0,0,0,0,0,0,0,0,0,0,0,0,0,0
314,0,-1.48045,134.096,0,-0.456481,0.599075,0.7,109,0.0178727,169.172,0.296549,3.25434,164.409,4.76281,134.096,3.34092e-08,0.200439,0.2,0,0,0,0,0,0,0,0,0,0,0,0,0,0
315,0,-1.48045,134.096,0,0,0.599075,0.7,108,0.0208514,169.074,0.296394,-9.72701,164.355,4.71869,134.096,3.34092e-08,0.201202,0.2,0,0,0,0,0,0,0,0,0,0,0,0,0,0
316,0,-1.48045,134.105,0,0.912226,0.598923,0.7,109,0.0178727,169.15,-0.29631,7.55644,164.388,4.76247,134.105,3.35024e-08,0.200745,0.2,0,0,0,0,0,0,0,0,0,0,0,0,0,0
317,0,-1.48343,134.1,-0.296626,-0.4566,0.598999,0.7,111,0.0148939,169.248,-0.296626,9.70366,164.398,4.84919,134.1,3.34558e-08,0.200592,0.2,0,0,0,0,0,0,0,0,0,0,0,0,0,0
318,0,-1.48045,134.096,0.295252,-0.454485,0.599075,0.7,114,0.0148939,169.366,0,11.7811,164.388,4.97878,134.096,3.34092e-08,0.200745,0.2,0,0,0,0,0,0,0,0,0,0,0,0,0,0
319,0,-1.48045,134.105,0,0.912485,0.598923,0.7,117,0.0148939,169.474,0,10.7319,164.366,5.10809,134.105,3.35024e-08,0.20105,0.2,0,0,0,0,0,0,0,0,0,0,0,0,0,0
320,0,-1.48045,134.105,0,0,0.598923,0.7,121,0.0119151,169.669,-0.296429,19.3712,164.388,5.28129,134.105,3.35024e-08,0.200745,0.2,0,0,0,0,0,0,0,0,0,0,0,0,0,0
321,0,-1.48045,134.1,0,-0.456329,0.598999,0.7,123,0.0119151,169.755,0,8.59525,164.388,5.36766,134.1,3.34558e-08,0.200745,0.2,0,0,0,0,0,0,0,0,0,0,0,0,0,0
322,0,-1.48343,134.105,-0.296429,0.456297,0.598923,0.7,125,0.00893633,169.847,-0.296429,9.13615,164.393,5.4541,134.105,3.35024e-08,0.200668,0.2,0,0,0,0,0,0,0,0,0,0,0,0,0,0
323,0,-1.47747,134.105,0.592788,0,0.598923,0.7,126,0.0119151,169.896,0.296394,4.83892,164.398,5.49737,134.105,3.35024e-08,0.200592,0.2,0,0,0,0,0,0,0,0,0,0,0,0,0,0
324,0,-1.48343,134.109,-0.592493,0.456016,0.598846,0.7,125,0.00893633,169.842,-0.296246,-5.38062,164.388,5.45399,134.109,3.35491e-08,0.200745,0.2,0,0,0,0,0,0,0,0,0,0,0,0,0,0
325,0,-1.48343,134.109,0,0,0.598846,0.7,122,0.00893633,169.723,0,-11.8007,164.398,5.32468,134.109,3.35491e-08,0.200592,0.2,0,0,0,0,0,0,0,0,0,0,0,0,0,0
326,0,-1.48343,134.114,0,0.456286,0.59877,0.7,118,0.00893633,169.534,0,-18.8261,164.382,5.15159,134.114,3.35959e-08,0.200821,0.2,0,0,0,0,0,0,0,0,0,0,0,0,0,0
327,0,-1.48045,134.114,0.296162,0,0.59877,0.7,115,0.0119151,169.426,0.296162,-10.722,164.404,5.02229,134.114,3.35959e-08,0.200516,0.2,0,0,0,0,0,0,0,0,0,0,0,0,0,0
328,0,-1.48343,134.114,-0.295924,0,0.59877,0.7,113,0.00595756,169.329,-0.591847,-9.67616,164.393,4.93562,134.114,3.35959e-08,0.200668,0.2,0,0,0,0,0,0,0,0,0,0,0,0,0,0
329,0,-1.48045,134.114,0.297134,0,0.59877,0.7,112,0.0148939,169.269,0.891403,-5.94629,164.377,4.8921,134.114,3.35959e-08,0.200897,0.2,0,0,0,0,0,0,0,0,0,0,0,0,0,0
330,0,-1.48045,134.1,0,-1.3697,0.598999,0.7,113,0.0148939,169.334,0,6.47874,164.398,4.93571,134.1,3.34558e-08,0.200592,0.2,0,0,0,0,0,0,0,0,0,0,0,0,0,0
331,0,-1.48343,134.114,-0.296303,1.36831,0.59877,0.7,116,0.0148939,169.469,0,13.4468,164.404,5.06553,134.114,3.35959e-08,0.200516,0.2,0,0,0,0,0,0,0,0,0,0,0,0,0,0
332,0,-1.48343,134.114,0,0,0.59877,0.7,118,0.0148939,169.545,0,7.51976,164.393,5.15178,134.114,3.35959e-08,0.200668,0.2,0,0,0,0,0,0,0,0,0,0,0,0,0,0
333,0,-1.48343,134.109,0,-0.455335,0.598846,0.7,122,0.0178727,169.712,0.295805,16.6167,164.388,5.32448,134.109,3.35491e-08,0.200745,0.2,0,0,0,0,0,0,0,0,0,0,0,0,0,0
334,0,-1.48045,134.114,0.296725,0.456752,0.59877,0.7,125,0.0148939,169.858,-0.296725,14.5365,164.404,5.45432,134.114,3.35959e-08,0.200516,0.2,0,0,0,0,0,0,0,0,0,0,0,0,0,0
335,0,-1.48343,134.118,-0.296514,0.456427,0.598694,0.7,124,0.0148939,169.82,0,-3.7527,164.409,5.41125,134.118,3.36427e-08,0.200439,0.2,0,0,0,0,0,0,0,0,0,0,0,0,0,0
336,0,-1.48343,134.118,0,0,0.598694,0.7,120,0.0119151,169.631,-0.297014,-18.8599,164.393,5.2382,134.118,3.36427e-08,0.200668,0.2,0,0,0,0,0,0,0,0,0,0,0,0,0,0
337,0,-1.48343,134.105,0,-1.36996,0.598923,0.7,119,0.0119151,169.583,0,-4.84666,164.388,5.1949,134.105,3.35024e-08,0.200745,0.2,0,0,0,0,0,0,0,0,0,0,0,0,0,0
338,0,-1.48343,134.114,0,0.912312,0.59877,0.7,122,0.00893633,169.734,-0.296338,15.0666,164.409,5.32489,134.114,3.35959e-08,0.200439,0.2,0,0,0,0,0,0,0,0,0,0,0,0,0,0
339,0,-1.48343,134.118,0,0.455379,0.598694,0.7,123,0.0119151,169.761,0.295833,2.65974,164.393,5.36776,134.118,3.36427e-08,0.200668,0.2,0,0,0,0,0,0,0,0,0,0,0,0,0,0
340,0,-1.48343,134.123,0,0.454625,0.598618,0.7,118,0.00893633,169.539,-0.295343,-21.9555,164.388,5.15169,134.123,3.36896e-08,0.200745,0.2,0,0,0,0,0,0,0,0,0,0,0,0,0,0
341,0,-1.48045,134.128,0.297247,0.457556,0.598541,0.7,116,0.0119151,169.464,0.297247,-7.53647,164.398,5.06544,134.128,3.37365e-08,0.200592,0.2,0,0,0,0,0,0,0,0,0,0,0,0,0,0
342,0,-1.48343,134.123,-0.295308,-0.454571,0.598618,0.7,120,0.00893633,169.637,-0.295308,17.1371,164.398,5.2383,134.123,3.36896e-08,0.200592,0.2,0,0,0,0,0,0,0,0,0,0,0,0,0,0
343,0,-1.48343,134.118,0,-0.458123,0.598694,0.7,124,0.0119151,169.804,0.297616,16.7128,164.393,5.41094,134.118,3.36427e-08,0.200668,0.2,0,0,0,0,0,0,0,0,0,0,0,0,0,0
344,0,-1.48045,134.128,0.296598,0.913114,0.598541,0.7,121,0.0119151,169.685,0,-11.8103,164.404,5.2816,134.128,3.37365e-08,0.200516,0.2,0,0,0,0,0,0,0,0,0,0,0,0,0,0
345,0,-1.48343,134.128,-0.296486,0,0.598541,0.7,118,0.00893633,169.55,-0.296486,-13.4447,164.398,5.15188,134.128,3.37365e-08,0.200592,0.2,0,0,0,0,0,0,0,0,0,0,0,0,0,0
346,0,-1.48343,134.128,0,0,0.598541,0.7,116,0.0119151,169.475,0.296162,-7.50953,164.409,5.06562,134.128,3.37365e-08,0.200439,0.2,0,0,0,0,0,0,0,0,0,0,0,0,0,0
347,0,-1.48343,134.123,0,-0.456427,0.598618,0.7,116,0.0119151,169.469,0,-0.543291,164.404,5.06553,134.123,3.36896e-08,0.200516,0.2,0,0,0,0,0,0,0,0,0,0,0,0,0,0
348,0,-1.48045,134.123,0.295868,0,0.598618,0.7,116,0.0148939,169.464,0.295868,-0.542106,164.398,5.06544,134.123,3.36896e-08,0.200592,0.2,0,0,0,0,0,0,0,0,0,0,0,0,0,0
349,0,-1.48641,134.132,-0.593379,0.913396,0.598465,0.7,118,0.00893633,169.572,-0.593379,10.7857,164.42,5.15227,134.132,3.37836e-08,0.200287,0.2,0,0,0,0,0,0,0,0,0,0,0,0,0,0
350,0,-1.48045,134.128,0.591904,-0.455562,0.598541,0.7,119,0.00893633,169.604,0,3.20845,164.409,5.19529,134.128,3.37365e-08,0.200439,0.2,0,0,0,0,0,0,0,0,0,0,0,0,0,0
351,0,-1.48343,134.128,-0.296486,0,0.598541,0.7,118,0.0148939,169.545,0.592971,-5.93185,164.393,5.15178,134.128,3.37365e-08,0.200668,0.2,0,0,0,0,0,0,0,0,0,0,0,0,0,0
352,0,-1.48343,134.123,0,-0.456698,0.598618,0.7,119,0.0148939,169.615,0,7.02402,164.42,5.19549,134.123,3.36896e-08,0.200287,0.2,0,0,0,0,0,0,0,0,0,0,0,0,0,0
353,0,-1.48343,134.123,0,0,0.598618,0.7,121,0.0148939,169.702,0,8.57714,164.42,5.2819,134.123,3.36896e-08,0.200287,0.2,0,0,0,0,0,0,0,0,0,0,0,0,0,0
354,0,-1.48343,134.118,0,-0.457154,0.598694,0.7,120,0.0119151,169.637,-0.296986,-6.48629,164.398,5.2383,134.118,3.36427e-08,0.200592,0.2,0,0,0,0,0,0,0,0,0,0,0,0,0,0
355,0,-1.48343,134.128,0,0.914394,0.598541,0.7,118,0.0119151,169.561,0,-7.52761,164.409,5.15208,134.128,3.37365e-08,0.200439,0.2,0,0,0,0,0,0,0,0,0,0,0,0,0,0
356,0,-1.48343,134.128,0,0,0.598541,0.7,117,0.0148939,169.529,0.296366,-3.21396,164.42,5.10905,134.128,3.37365e-08,0.200287,0.2,0,0,0,0,0,0,0,0,0,0,0,0,0,0
357,0,-1.48045,134.118,0.296134,-0.911685,0.598694,0.7,119,0.0119151,169.583,-0.296134,5.33554,164.388,5.1949,134.118,3.36427e-08,0.200745,0.2,0,0,0,0,0,0,0,0,0,0,0,0,0,0
358,0,-1.48343,134.128,-0.296422,0.912572,0.598541,0.7,122,0.0119151,169.723,0,13.9829,164.398,5.32468,134.128,3.37365e-08,0.200592,0.2,0,0,0,0,0,0,0,0,0,0,0,0,0,0
359,0,-1.48641,134.137,-0.296958,0.914221,0.598389,0.7,124,0.00893633,169.815,-0.296958,9.15435,164.404,5.41115,134.137,3.38306e-08,0.200516,0.2,0,0,0,0,0,0,0,0,0,0,0,0,0,0
360,0,-1.48641,134.141,0,0.456156,0.598312,0.7,122,0.00893633,169.739,0,-7.50374,164.414,5.32499,134.141,3.38778e-08,0.200363,0.2,0,0,0,0,0,0,0,0,0,0,0,0,0,0
361,0,-1.48343,134.132,0.29669,-0.913396,0.598465,0.7,118,0.00893633,169.556,0,-18.301,164.404,5.15198,134.132,3.37836e-08,0.200516,0.2,0,0,0,0,0,0,0,0,0,0,0,0,0,0
362,0,-1.48343,134.132,0,0,0.598465,0.7,116,0.00595756,169.464,-0.296753,-9.15598,164.398,5.06544,134.132,3.37836e-08,0.200592,0.2,0,0,0,0,0,0,0,0,0,0,0,0,0,0
363,0,-1.48343,134.137,0,0.456427,0.598389,0.7,117,0.00893633,169.529,0.296514,6.47661,164.42,5.10905,134.137,3.38306e-08,0.200287,0.2,0,0,0,0,0,0,0,0,0,0,0,0,0,0
364,0,-1.48641,134.132,-0.296542,-0.45647,0.598465,0.7,119,0.00595756,169.599,-0.296542,6.9742,164.404,5.19519,134.132,3.37836e-08,0.200516,0.2,0,0,0,0,0,0,0,0,0,0,0,0,0,0
365,0,-1.48343,134.137,0.296718,0.456741,0.598389,0.7,124,0.00595756,169.815,0,21.5116,164.404,5.41115,134.137,3.38306e-08,0.200516,0.2,0,0,0,0,0,0,0,0,0,0,0,0,0,0
366,0,-1.48641,134.141,-0.296099,0.455789,0.598312,0.7,129,0.00297878,170.036,-0.296099,21.9929,164.409,5.62704,134.141,3.38778e-08,0.200439,0.2,0,0,0,0,0,0,0,0,0,0,0,0,0,0
367,0,-1.48343,134.137,0.296514,-0.456427,0.598389,0.7,126,0.00893633,169.912,0.593027,-12.3406,164.414,5.4977,134.137,3.38306e-08,0.200363,0.2,0,0,0,0,0,0,0,0,0,0,0,0,0,0
368,0,-1.48343,134.141,0,0.45621,0.598312,0.7,116,0.00893633,169.475,0,-43.5228,164.409,5.06562,134.141,3.38778e-08,0.200439,0.2,0,0,0,0,0,0,0,0,0,0,0,0,0,0
369,0,-1.48641,134.151,-0.296394,0.912485,0.59816,0.7,111,0.00595756,169.264,-0.296394,-20.9757,164.414,4.84945,134.151,3.39723e-08,0.200363,0.2,0,0,0,0,0,0,0,0,0,0,0,0,0,0
370,0,-1.48343,134.146,0.296838,-0.456926,0.598236,0.7,116,0.00893633,169.48,0.296838,21.551,164.414,5.06572,134.146,3.3925e-08,0.200363,0.2,0,0,0,0,0,0,0,0,0,0,0,0,0,0
371,0,-1.48343,134.151,0,0.45634,0.59816,0.7,123,0.00893633,169.777,0,29.5578,164.409,5.36808,134.151,3.39723e-08,0.200439,0.2,0,0,0,0,0,0,0,0,0,0,0,0,0,0
372,0,-1.48641,134.151,-0.296331,0,0.59816,0.7,125,0.00893633,169.874,0,9.67858,164.42,5.45464,134.151,3.39723e-08,0.200287,0.2,0,0,0,0,0,0,0,0,0,0,0,0,0,0
373,0,-1.48343,134.141,0.296753,-0.913591,0.598312,0.7,124,0.00595756,169.842,-0.296753,-3.21129,164.431,5.41168,134.141,3.38778e-08,0.200134,0.2,0,0,0,0,0,0,0,0,0,0,0,0,0,0
374,0,-1.48641,134.137,-0.29657,-0.456513,0.598389,0.7,124,0.00595756,169.809,0,-3.26734,164.398,5.41104,134.137,3.38306e-08,0.200592,0.2,0,0,0,0,0,0,0,0,0,0,0,0,0,0
375,0,-1.48641,134.141,0,0.456481,0.598312,0.7,125,0.00893633,169.853,0.296549,4.29752,164.398,5.45421,134.141,3.38778e-08,0.200592,0.2,0,0,0,0,0,0,0,0,0,0,0,0,0,0
376,0,-1.48641,134.146,0,0.456741,0.598236,0.7,127,0.00297878,169.95,-0.593436,9.6883,164.409,5.54074,134.146,3.3925e-08,0.200439,0.2,0,0,0,0,0,0,0,0,0,0,0,0,0,0
377,0,-1.48641,134.146,0,0,0.598236,0.7,127,0.00595756,169.966,0.296718,1.63584,164.425,5.54108,134.146,3.3925e-08,0.200211,0.2,0,0,0,0,0,0,0,0,0,0,0,0,0,0
378,0,-1.48641,134.146,0,0,0.598236,0.7,125,0,169.858,-0.591918,-10.7516,164.404,5.45432,134.146,3.3925e-08,0.200516,0.2,0,0,0,0,0,0,0,0,0,0,0,0,0,0
379,0,-1.48641,134.146,0,0,0.598236,0.7,124,-0.00297878,169.831,-0.29669,-2.66538,164.42,5.41147,134.146,3.3925e-08,0.200287,0.2,0,0,0,0,0,0,0,0,0,0,0,0,0,0
380,0,-1.48343,134.151,0.29631,0.456113,0.59816,0.7,124,0,169.826,0.29631,-0.544079,164.414,5.41136,134.151,3.39723e-08,0.200363,0.2,0,0,0,0,0,0,0,0,0,0,0,0,0,0
381,0,-1.48641,134.151,-0.296746,0,0.59816,0.7,124,0,169.804,0,-2.17952,164.393,5.41094,134.151,3.39723e-08,0.200668,0.2,0,0,0,0,0,0,0,0,0,0,0,0,0,0
382,0,-1.48641,134.151,0,0,0.59816,0.7,126,-0.00297878,169.901,-0.296394,9.67858,164.404,5.49748,134.151,3.39723e-08,0.200516,0.2,0,0,0,0,0,0,0,0,0,0,0,0,0,0
383,0,-1.48939,134.151,-0.29549,0,0.59816,0.7,129,0,170.042,0.29549,13.9271,164.414,5.62715,134.151,3.39723e-08,0.200363,0.2,0,0,0,0,0,0,0,0,0,0,0,0,0,0
384,0,-1.48343,134.155,0.595572,0.458385,0.598083,0.7,126,0,169.912,0,-12.9411,164.414,5.4977,134.155,3.40196e-08,0.200363,0.2,0,0,0,0,0,0,0,0,0,0,0,0,0,0
385,0,-1.48343,134.146,0,-0.911232,0.598236,0.7,122,-0.00297878,169.734,-0.295987,-17.7039,164.409,5.32489,134.146,3.3925e-08,0.200439,0.2,0,0,0,0,0,0,0,0,0,0,0,0,0,0
386,0,-1.48641,134.151,-0.296802,0.456871,0.59816,0.7,120,-0.00297878,169.653,0,-8.06371,164.414,5.2386,134.151,3.39723e-08,0.200363,0.2,0,0,0,0,0,0,0,0,0,0,0,0,0,0
387,0,-1.48641,134.155,0,0.456752,0.598083,0.7,120,-0.00297878,169.648,0,-0.544252,164.409,5.2385,134.155,3.40196e-08,0.200439,0.2,0,0,0,0,0,0,0,0,0,0,0,0,0,0
388,0,-1.48641,134.151,0,-0.455519,0.59816,0.7,121,-0.00297878,169.691,0,4.29167,164.409,5.2817,134.151,3.39723e-08,0.200439,0.2,0,0,0,0,0,0,0,0,0,0,0,0,0,0
389,0,-1.48641,134.151,0,0,0.59816,0.7,125,0,169.864,0.296605,17.1989,164.409,5.45443,134.151,3.39723e-08,0.200439,0.2,0,0,0,0,0,0,0,0,0,0,0,0,0,0
390,0,-1.48343,134.155,0.296366,0.456199,0.598083,0.7,129,-0.00297878,170.036,-0.296366,17.1734,164.409,5.62704,134.155,3.40196e-08,0.200439,0.2,0,0,0,0,0,0,0,0,0,0,0,0,0,0
391,0,-1.48343,134.151,0,-0.457056,0.59816,0.7,130,-0.00297878,170.09,0,5.39182,164.42,5.6704,134.151,3.39723e-08,0.200287,0.2,0,0,0,0,0,0,0,0,0,0,0,0,0,0
392,0,-1.48641,134.151,-0.296514,0,0.59816,0.7,130,0.00297878,170.09,0.593027,0,164.42,5.6704,134.151,3.39723e-08,0.200287,0.2,0,0,0,0,0,0,0,0,0,0,0,0,0,0
393,0,-1.48641,134.151,0,0,0.59816,0.7,130,0.00297878,170.096,0,0.545264,164.425,5.67052,134.151,3.39723e-08,0.200211,0.2,0,0,0,0,0,0,0,0,0,0,0,0,0,0
394,0,-1.48641,134.164,0,1.37065,0.597931,0.7,131,0.00297878,170.139,0,4.29768,164.425,5.71365,134.164,3.41145e-08,0.200211,0.2,0,0,0,0,0,0,0,0,0,0,0,0,0,0
395,0,-1.48641,134.151,0,-1.3686,0.59816,0.7,130,0,170.079,-0.296366,-5.92655,164.409,5.67017,134.151,3.39723e-08,0.200439,0.2,0,0,0,0,0,0,0,0,0,0,0,0,0,0
396,0,-1.48641,134.169,0,1.82462,0.597855,0.7,124,0,169.831,0,-24.6694,164.42,5.41147,134.169,3.4162e-08,0.200287,0.2,0,0,0,0,0,0,0,0,0,0,0,0,0,0
397,0,-1.48939,134.169,-0.296605,0,0.597855,0.7,118,0,169.583,0,-24.7214,164.431,5.15246,134.169,3.4162e-08,0.200134,0.2,0,0,0,0,0,0,0,0,0,0,0,0,0,0
398,0,-1.48641,134.164,0.296246,-0.456016,0.597931,0.7,117,0,169.507,0,-7.55678,164.398,5.10866,134.164,3.41145e-08,0.200592,0.2,0,0,0,0,0,0,0,0,0,0,0,0,0,0
399,0,-1.48641,134.16,0,-0.456513,0.598007,0.7,121,-0.00297878,169.68,-0.29657,17.2074,164.398,5.28149,134.16,3.4067e-08,0.200592,0.2,0,0,0,0,0,0,0,0,0,0,0,0,0,0
400,0,-1.48939,134.155,-0.295812,-0.455346,0.598083,0.7,126,-0.00297878,169.918,0,23.6117,164.42,5.49781,134.155,3.40196e-08,0.200287,0.2,0,0,0,0,0,0,0,0,0,0,0,0,0,0
401,0,-1.48641,134.169,0.296514,1.36928,0.597855,0.7,127,-0.00297878,169.961,0,4.29615,164.42,5.54097,134.169,3.4162e-08,0.200287,0.2,0,0,0,0,0,0,0,0,0,0,0,0,0,0
402,0,-1.48641,134.16,0,-0.912659,0.598007,0.7,125,-0.00595756,169.864,-0.29645,-9.68017,164.409,5.45443,134.16,3.4067e-08,0.200439,0.2,0,0,0,0,0,0,0,0,0,0,0,0,0,0
403,0,-1.48343,134.164,0.296781,0.456839,0.597931,0.7,122,-0.00297878,169.734,0.296781,-12.9058,164.409,5.32489,134.164,3.41145e-08,0.200439,0.2,0,0,0,0,0,0,0,0,0,0,0,0,0,0
404,0,-1.48641,134.169,-0.29631,0.456113,0.597855,0.7,121,-0.00595756,169.691,-0.29631,-4.29654,164.409,5.2817,134.169,3.4162e-08,0.200439,0.2,0,0,0,0,0,0,0,0,0,0,0,0,0,0
405,0,-1.48641,134.174,0,0.456882,0.597778,0.7,120,-0.00893633,169.664,-0.29681,-2.6713,164.425,5.2388,134.174,3.42096e-08,0.200211,0.2,0,0,0,0,0,0,0,0,0,0,0,0,0,0
406,0,-1.48939,134.174,-0.29657,0,0.597778,0.7,120,-0.00595756,169.653,0.29657,-1.08794,164.414,5.2386,134.174,3.42096e-08,0.200363,0.2,0,0,0,0,0,0,0,0,0,0,0,0,0,0
407,0,-1.48641,134.164,0.296422,-0.912572,0.597931,0.7,121,-0.00595756,169.707,0,5.38674,164.425,5.282,134.164,3.41145e-08,0.200211,0.2,0,0,0,0,0,0,0,0,0,0,0,0,0,0
408,0,-1.48939,134.178,-0.296106,1.3674,0.597702,0.7,124,-0.00595756,169.842,0,13.4236,164.431,5.41168,134.178,3.42573e-08,0.200134,0.2,0,0,0,0,0,0,0,0,0,0,0,0,0,0
409,0,-1.48939,134.169,0,-0.91175,0.597855,0.7,125,-0.00595756,169.874,0,3.20482,164.42,5.45464,134.169,3.4162e-08,0.200287,0.2,0,0,0,0,0,0,0,0,0,0,0,0,0,0
410,0,-1.48641,134.169,0.296373,0,0.597855,0.7,123,-0.00297878,169.794,0.296373,-8.04782,164.425,5.36839,134.169,3.4162e-08,0.200211,0.2,0,0,0,0,0,0,0,0,0,0,0,0,0,0
411,0,-1.48939,134.174,-0.296598,0.456557,0.597778,0.7,122,-0.00893633,169.756,-0.593196,-3.75612,164.431,5.3253,134.174,3.42096e-08,0.200134,0.2,0,0,0,0,0,0,0,0,0,0,0,0,0,0
412,0,-1.48939,134.178,0,0.455789,0.597702,0.7,120,-0.00595756,169.669,0.296099,-8.58887,164.431,5.2389,134.178,3.42573e-08,0.200134,0.2,0,0,0,0,0,0,0,0,0,0,0,0,0,0
413,0,-1.49237,134.174,-0.296134,-0.455843,0.597778,0.7,118,-0.00297878,169.583,0.296134,-8.5928,164.431,5.15246,134.174,3.42096e-08,0.200134,0.2,0,0,0,0,0,0,0,0,0,0,0,0,0,0
414,0,-1.48939,134.183,0.296605,0.913135,0.597626,0.7,118,-0.00297878,169.583,0,0,164.431,5.15246,134.183,3.4305e-08,0.200134,0.2,0,0,0,0,0,0,0,0,0,0,0,0,0,0
415,0,-1.48939,134.178,0,-0.455875,0.597702,0.7,121,-0.00297878,169.691,0,10.7156,164.409,5.2817,134.178,3.42573e-08,0.200439,0.2,0,0,0,0,0,0,0,0,0,0,0,0,0,0
416,0,-1.48939,134.174,0,-0.456654,0.597778,0.7,125,-0.00595756,169.88,-0.296662,18.8368,164.425,5.45475,134.174,3.42096e-08,0.200211,0.2,0,0,0,0,0,0,0,0,0,0,0,0,0,0
417,0,-1.48939,134.183,0,0.912485,0.597626,0.7,124,-0.00595756,169.859,0,-2.11908,164.447,5.412,134.183,3.4305e-08,0.199905,0.2,0,0,0,0,0,0,0,0,0,0,0,0,0,0
418,0,-1.48939,134.169,0,-1.36549,0.597855,0.7,116,-0.00595756,169.48,0,-37.5684,164.414,5.06572,134.169,3.4162e-08,0.200363,0.2,0,0,0,0,0,0,0,0,0,0,0,0,0,0
419,0,-1.48641,134.178,0.296162,0.911772,0.597702,0.7,113,-0.00893633,169.35,-0.296162,-12.899,164.414,4.93598,134.178,3.42573e-08,0.200363,0.2,0,0,0,0,0,0,0,0,0,0,0,0,0,0
420,0,-1.48939,134.178,-0.29669,0,0.597702,0.7,115,-0.0119151,169.464,-0.29669,11.3328,164.441,5.02295,134.178,3.42573e-08,0.199982,0.2,0,0,0,0,0,0,0,0,0,0,0,0,0,0
421,0,-1.48939,134.183,0,0.455832,0.597626,0.7,117,-0.0119151,169.54,0,7.51207,164.431,5.10924,134.183,3.4305e-08,0.200134,0.2,0,0,0,0,0,0,0,0,0,0,0,0,0,0
422,0,-1.48939,134.183,0,0,0.597626,0.7,115,-0.00595756,169.437,0.589864,-10.183,164.414,5.02248,134.183,3.4305e-08,0.200363,0.2,0,0,0,0,0,0,0,0,0,0,0,0,0,0
423,0,-1.49237,134.169,-0.297999,-1.37614,0.597855,0.7,114,-0.0119151,169.388,-0.595998,-4.87206,164.409,4.97914,134.169,3.4162e-08,0.200439,0.2,0,0,0,0,0,0,0,0,0,0,0,0,0,0
424,0,-1.48939,134.183,0.29519,1.36317,0.597626,0.7,113,-0.0148939,169.361,-0.29519,-2.66479,164.425,4.93616,134.183,3.4305e-08,0.200211,0.2,0,0,0,0,0,0,0,0,0,0,0,0,0,0
425,0,-1.49237,134.174,-0.297431,-0.915679,0.597778,0.7,113,-0.0119151,169.356,0.297431,-0.544553,164.42,4.93607,134.174,3.42096e-08,0.200287,0.2,0,0,0,0,0,0,0,0,0,0,0,0,0,0
426,0,-1.48939,134.178,0.296071,0.455745,0.597702,0.7,111,-0.0119151,169.253,0,-10.226,164.404,4.84928,134.178,3.42573e-08,0.200516,0.2,0,0,0,0,0,0,0,0,0,0,0,0,0,0
427,0,-1.48939,134.192,0,1.36902,0.597473,0.7,111,-0.0119151,169.286,0,3.25497,164.436,4.8498,134.192,3.44007e-08,0.200058,0.2,0,0,0,0,0,0,0,0,0,0,0,0,0,0
428,0,-1.48641,134.187,0.295833,-0.455379,0.597549,0.7,113,-0.0119151,169.367,0,8.05288,164.431,4.93625,134.187,3.43528e-08,0.200134,0.2,0,0,0,0,0,0,0,0,0,0,0,0,0,0
429,0,-1.48939,134.183,-0.296457,-0.45634,0.597626,0.7,116,-0.0119151,169.502,0,13.4563,164.436,5.0661,134.183,3.4305e-08,0.200058,0.2,0,0,0,0,0,0,0,0,0,0,0,0,0,0
430,0,-1.48641,134.192,0.296394,0.912485,0.597473,0.7,120,-0.0119151,169.664,0,16.1169,164.425,5.2388,134.192,3.44007e-08,0.200211,0.2,0,0,0,0,0,0,0,0,0,0,0,0,0,0
431,0,-1.48939,134.183,-0.296246,-0.912031,0.597626,0.7,124,-0.0119151,169.853,0,18.8147,164.441,5.41189,134.183,3.4305e-08,0.199982,0.2,0,0,0,0,0,0,0,0,0,0,0,0,0,0
432,0,-1.48939,134.183,0,0,0.597626,0.7,128,-0.0119151,170.004,0,15.0129,164.42,5.58412,134.183,3.4305e-08,0.200287,0.2,0,0,0,0,0,0,0,0,0,0,0,0,0,0
433,0,-1.49237,134.183,-0.296162,0,0.597626,0.7,130,-0.0119151,170.096,0,9.12321,164.425,5.67052,134.183,3.4305e-08,0.200211,0.2,0,0,0,0,0,0,0,0,0,0,0,0,0,0
434,0,-1.48939,134.196,0.296422,1.36886,0.597397,0.7,128,-0.00893633,170.009,0.296422,-8.58633,164.425,5.58423,134.196,3.44486e-08,0.200211,0.2,0,0,0,0,0,0,0,0,0,0,0,0,0,0
435,0,-1.48939,134.183,0,-1.36549,0.597626,0.7,122,-0.0119151,169.75,-0.295693,-25.713,164.425,5.3252,134.183,3.4305e-08,0.200211,0.2,0,0,0,0,0,0,0,0,0,0,0,0,0,0
436,0,-1.48939,134.187,0,0.457284,0.597549,0.7,116,-0.0119151,169.497,0,-25.3147,164.431,5.066,134.187,3.43528e-08,0.200134,0.2,0,0,0,0,0,0,0,0,0,0,0,0,0,0
437,0,-1.49237,134.192,-0.296514,0.456427,0.597473,0.7,114,-0.0119151,169.405,0,-9.15265,164.425,4.97942,134.192,3.44007e-08,0.200211,0.2,0,0,0,0,0,0,0,0,0,0,0,0,0,0
438,0,-1.48939,134.192,0.295959,0,0.597473,0.7,115,-0.0119151,169.437,0,3.21272,164.414,5.02248,134.192,3.44007e-08,0.200363,0.2,0,0,0,0,0,0,0,0,0,0,0,0,0,0
439,0,-1.48641,134.196,0.296394,0.456243,0.597397,0.7,114,-0.0148939,169.416,-0.296394,-2.13186,164.436,4.9796,134.196,3.44486e-08,0.200058,0.2,0,0,0,0,0,0,0,0,0,0,0,0,0,0
440,0,-1.49237,134.187,-0.592971,-0.912767,0.597549,0.7,113,-0.0148939,169.35,0,-6.47693,164.414,4.93598,134.187,3.43528e-08,0.200363,0.2,0,0,0,0,0,0,0,0,0,0,0,0,0,0
441,0,-1.49237,134.192,0,0.45634,0.597473,0.7,118,-0.0178727,169.578,-0.296457,22.603,164.425,5.15237,134.192,3.44007e-08,0.200211,0.2,0,0,0,0,0,0,0,0,0,0,0,0,0,0
442,0,-1.48939,134.196,0.296422,0.456286,0.597397,0.7,127,-0.0119151,169.972,0.592844,39.2257,164.431,5.54119,134.196,3.44486e-08,0.200134,0.2,0,0,0,0,0,0,0,0,0,0,0,0,0,0
443,0,-1.48939,134.201,0,0.455972,0.597321,0.7,132,-0.0178727,170.204,-0.592437,23.0854,164.447,5.75724,134.201,3.44966e-08,0.199905,0.2,0,0,0,0,0,0,0,0,0,0,0,0,0,0
444,0,-1.49237,134.192,-0.296514,-0.912854,0.597473,0.7,131,-0.0148939,170.144,0.296514,-5.92988,164.431,5.71376,134.192,3.44007e-08,0.200134,0.2,0,0,0,0,0,0,0,0,0,0,0,0,0,0
445,0,-1.48641,134.192,0.592915,0,0.597473,0.7,127,-0.0178727,169.966,-0.296457,-17.7201,164.425,5.54108,134.192,3.44007e-08,0.200211,0.2,0,0,0,0,0,0,0,0,0,0,0,0,0,0
446,0,-1.48641,134.196,0,0.456286,0.597397,0.7,124,-0.0148939,169.842,0.296422,-12.3428,164.431,5.41168,134.196,3.44486e-08,0.200134,0.2,0,0,0,0,0,0,0,0,0,0,0,0,0,0
447,0,-1.49237,134.196,-0.592915,0,0.597397,0.7,125,-0.0148939,169.88,0,3.75259,164.425,5.45475,134.196,3.44486e-08,0.200211,0.2,0,0,0,0,0,0,0,0,0,0,0,0,0,0
448,0,-1.49237,134.196,0,0,0.597397,0.7,128,-0.0208514,170.015,-0.591847,13.4072,164.431,5.58434,134.196,3.44486e-08,0.200134,0.2,0,0,0,0,0,0,0,0,0,0,0,0,0,0
449,0,-1.49237,134.201,0,0.455886,0.597321,0.7,130,-0.0178727,170.118,0.296162,10.2133,164.447,5.67098,134.201,3.44966e-08,0.199905,0.2,0,0,0,0,0,0,0,0,0,0,0,0,0,0
450,0,-1.49237,134.206,0,0.456102,0.597244,0.7,129,-0.0178727,170.047,0,-7.01582,164.42,5.62726,134.206,3.45447e-08,0.200287,0.2,0,0,0,0,0,0,0,0,0,0,0,0,0,0
451,0,-1.49237,134.206,0,0,0.597244,0.7,123,-0.0148939,169.788,0.296901,-25.8128,164.42,5.36829,134.206,3.45447e-08,0.200287,0.2,0,0,0,0,0,0,0,0,0,0,0,0,0,0
452,0,-1.49237,134.201,0,-0.456059,0.597321,0.7,123,-0.0148939,169.788,0,0,164.42,5.36829,134.201,3.44966e-08,0.200287,0.2,0,0,0,0,0,0,0,0,0,0,0,0,0,0
453,0,-1.48939,134.201,0.295924,0,0.597321,0.7,111,-0.0208514,169.264,-0.591847,-52.0757,164.414,4.84945,134.201,3.44966e-08,0.200363,0.2,0,0,0,0,0,0,0,0,0,0,0,0,0,0
454,0,-1.49237,134.196,-0.296457,-0.45634,0.597397,0.7,110,-0.0178727,169.242,0.296457,-2.13744,164.436,4.80652,134.196,3.44486e-08,0.200058,0.2,0,0,0,0,0,0,0,0,0,0,0,0,0,0
455,0,-1.48939,134.21,0.296514,1.36928,0.597168,0.7,111,-0.0178727,169.291,0,4.85084,164.441,4.84989,134.21,3.45928e-08,0.199982,0.2,0,0,0,0,0,0,0,0,0,0,0,0,0,0
456,0,-1.48939,134.201,0,-0.911858,0.597321,0.7,114,-0.0178727,169.405,0,11.2794,164.425,4.97942,134.201,3.44966e-08,0.200211,0.2,0,0,0,0,0,0,0,0,0,0,0,0,0,0
457,0,-1.49237,134.21,-0.29669,0.913396,0.597168,0.7,118,-0.0208514,169.588,-0.29669,18.3138,164.436,5.15256,134.21,3.45928e-08,0.200058,0.2,0,0,0,0,0,0,0,0,0,0,0,0,0,0
458,0,-1.49237,134.201,0,-0.910585,0.597321,0.7,123,-0.0178727,169.777,0.295777,18.7366,164.409,5.36808,134.201,3.44966e-08,0.200439,0.2,0,0,0,0,0,0,0,0,0,0,0,0,0,0
459,0,-1.48939,134.201,0.296162,0,0.597321,0.7,126,-0.0178727,169.923,0,14.509,164.425,5.49792,134.201,3.44966e-08,0.200211,0.2,0,0,0,0,0,0,0,0,0,0,0,0,0,0
460,0,-1.49535,134.215,-0.592971,1.36915,0.597092,0.7,129,-0.0178727,170.058,0,13.4307,164.431,5.62749,134.215,3.4641e-08,0.200134,0.2,0,0,0,0,0,0,0,0,0,0,0,0,0,0
461,0,-1.48939,134.21,0.591371,-0.455152,0.597168,0.7,131,-0.0178727,170.133,0,7.47585,164.42,5.71353,134.21,3.45928e-08,0.200287,0.2,0,0,0,0,0,0,0,0,0,0,0,0,0,0
462,0,-1.49535,134.206,-0.59499,-0.457937,0.597244,0.7,130,-0.0178727,170.085,0,-4.85463,164.414,5.67028,134.206,3.45447e-08,0.200363,0.2,0,0,0,0,0,0,0,0,0,0,0,0,0,0
463,0,-1.48939,134.206,0.591022,0,0.597244,0.7,130,-0.0178727,170.096,0,1.08705,164.425,5.67052,134.206,3.45447e-08,0.200211,0.2,0,0,0,0,0,0,0,0,0,0,0,0,0,0
464,0,-1.49237,134.215,-0.297403,0.915592,0.597092,0.7,131,-0.0178727,170.15,0,5.4006,164.436,5.71388,134.215,3.4641e-08,0.200058,0.2,0,0,0,0,0,0,0,0,0,0,0,0,0,0
465,0,-1.49237,134.201,0,-1.364,0.597321,0.7,130,-0.0178727,170.079,0,-6.9935,164.409,5.67017,134.201,3.44966e-08,0.200439,0.2,0,0,0,0,0,0,0,0,0,0,0,0,0,0
466,0,-1.49237,134.206,0,0.457883,0.597244,0.7,126,-0.0208514,169.923,-0.29746,-15.5943,164.425,5.49792,134.206,3.45447e-08,0.200211,0.2,0,0,0,0,0,0,0,0,0,0,0,0,0,0
467,0,-1.49237,134.215,0,0.911664,0.597092,0.7,125,-0.0208514,169.88,0,-4.29143,164.425,5.45475,134.215,3.4641e-08,0.200211,0.2,0,0,0,0,0,0,0,0,0,0,0,0,0,0
468,0,-1.48939,134.215,0.296282,0,0.597092,0.7,128,-0.0208514,170.015,0,13.4235,164.431,5.58434,134.215,3.4641e-08,0.200134,0.2,0,0,0,0,0,0,0,0,0,0,0,0,0,0
469,0,-1.49237,134.224,-0.296275,0.912118,0.596939,0.7,131,-0.0238302,170.139,-0.296275,12.3274,164.425,5.71365,134.224,3.47376e-08,0.200211,0.2,0,0,0,0,0,0,0,0,0,0,0,0,0,0
470,0,-1.49237,134.215,0,-0.912594,0.597092,0.7,129,-0.0178727,170.058,0.592858,-8.04002,164.431,5.62749,134.215,3.4641e-08,0.200134,0.2,0,0,0,0,0,0,0,0,0,0,0,0,0,0
471,0,-1.49535,134.219,-0.296514,0.456427,0.597015,0.7,124,-0.0208514,169.837,-0.296514,-22.0267,164.425,5.41157,134.219,3.46892e-08,0.200211,0.2,0,0,0,0,0,0,0,0,0,0,0,0,0,0
472,0,-1.49535,134.21,0,-0.909142,0.597168,0.7,118,-0.0208514,169.588,0,-24.6142,164.436,5.15256,134.21,3.45928e-08,0.200058,0.2,0,0,0,0,0,0,0,0,0,0,0,0,0,0
473,0,-1.49237,134.21,0.296746,0,0.597168,0.7,114,-0.0208514,169.405,0,-18.3173,164.425,4.97942,134.21,3.45928e-08,0.200211,0.2,0,0,0,0,0,0,0,0,0,0,0,0,0,0
474,0,-1.49237,134.219,0,0.910132,0.597015,0.7,114,-0.0178727,169.41,0.29563,0.541394,164.431,4.97951,134.219,3.46892e-08,0.200134,0.2,0,0,0,0,0,0,0,0,0,0,0,0,0,0
475,0,-1.49237,134.224,0,0.457621,0.596939,0.7,117,-0.0208514,169.534,-0.29729,12.4023,164.425,5.10914,134.224,3.47376e-08,0.200211,0.2,0,0,0,0,0,0,0,0,0,0,0,0,0,0
476,0,-1.49535,134.219,-0.296099,-0.455789,0.597015,0.7,121,-0.0208514,169.718,0,18.2695,164.436,5.28221,134.219,3.46892e-08,0.200058,0.2,0,0,0,0,0,0,0,0,0,0,0,0,0,0
477,0,-1.49535,134.224,0,0.456016,0.596939,0.7,123,-0.0208514,169.799,0,8.04817,164.431,5.36849,134.224,3.47376e-08,0.200134,0.2,0,0,0,0,0,0,0,0,0,0,0,0,0,0
478,0,-1.49237,134.219,0.296015,-0.455659,0.597015,0.7,122,-0.0178727,169.761,0.296015,-3.74888,164.436,5.32541,134.219,3.46892e-08,0.200058,0.2,0,0,0,0,0,0,0,0,0,0,0,0,0,0
479,0,-1.49535,134.219,-0.296514,0,0.597015,0.7,123,-0.0208514,169.777,-0.296514,1.57798,164.409,5.36808,134.219,3.46892e-08,0.200439,0.2,0,0,0,0,0,0,0,0,0,0,0,0,0,0
480,0,-1.49535,134.224,0,0.457067,0.596939,0.7,126,-0.0208514,169.912,0,13.4555,164.414,5.4977,134.224,3.47376e-08,0.200363,0.2,0,0,0,0,0,0,0,0,0,0,0,0,0,0
481,0,-1.49535,134.229,0,0.456513,0.596863,0.7,130,-0.0178727,170.112,0.29657,19.9103,164.441,5.67086,134.229,3.4786e-08,0.199982,0.2,0,0,0,0,0,0,0,0,0,0,0,0,0,0
482,0,-1.49237,134.224,0.296366,-0.456199,0.596939,0.7,129,-0.0208514,170.047,-0.296366,-6.47222,164.42,5.62726,134.224,3.47376e-08,0.200287,0.2,0,0,0,0,0,0,0,0,0,0,0,0,0,0
483,0,-1.49237,134.215,0,-0.913764,0.597092,0.7,126,-0.0238302,169.907,-0.29681,-13.9897,164.409,5.49759,134.215,3.4641e-08,0.200439,0.2,0,0,0,0,0,0,0,0,0,0,0,0,0,0
484,0,-1.49535,134.238,-0.29657,2.28257,0.59671,0.7,124,-0.0208514,169.842,0.29657,-6.41729,164.431,5.41168,134.238,3.48829e-08,0.200134,0.2,0,0,0,0,0,0,0,0,0,0,0,0,0,0
485,0,-1.49237,134.224,0.296605,-1.3697,0.596939,0.7,125,-0.0238302,169.869,-0.296605,2.66491,164.414,5.45453,134.224,3.47376e-08,0.200363,0.2,0,0,0,0,0,0,0,0,0,0,0,0,0,0
486,0,-1.49833,134.219,-0.592971,-0.456383,0.597015,0.7,126,-0.0238302,169.901,0,3.20692,164.404,5.49748,134.219,3.46892e-08,0.200516,0.2,0,0,0,0,0,0,0,0,0,0,0,0,0,0
487,0,-1.49237,134.224,0.593323,0.456654,0.596939,0.7,127,-0.0238302,169.977,0,7.56891,164.436,5.5413,134.224,3.47376e-08,0.200058,0.2,0,0,0,0,0,0,0,0,0,0,0,0,0,0
488,0,-1.49237,134.233,0,0.911577,0.596786,0.7,130,-0.026809,170.101,-0.296099,12.3229,164.431,5.67063,134.233,3.48344e-08,0.200134,0.2,0,0,0,0,0,0,0,0,0,0,0,0,0,0
489,0,-1.49237,134.229,0,-0.455519,0.596863,0.7,136,-0.0238302,170.354,0.295924,25.154,164.425,5.9292,134.229,3.4786e-08,0.200211,0.2,0,0,0,0,0,0,0,0,0,0,0,0,0,0
490,0,-1.49237,134.224,0,-0.456026,0.596939,0.7,142,-0.026809,170.618,-0.296254,26.2478,164.431,6.18775,134.224,3.47376e-08,0.200134,0.2,0,0,0,0,0,0,0,0,0,0,0,0,0,0
491,0,-1.49535,134.233,-0.296394,0.912485,0.596786,0.7,145,-0.0208514,170.764,0.592788,14.4901,164.447,6.31728,134.233,3.48344e-08,0.199905,0.2,0,0,0,0,0,0,0,0,0,0,0,0,0,0
492,0,-1.49237,134.233,0.296162,0,0.596786,0.7,143,-0.0208514,170.672,0,-9.10532,164.441,6.23107,134.233,3.48344e-08,0.199982,0.2,0,0,0,0,0,0,0,0,0,0,0,0,0,0
493,0,-1.49535,134.247,-0.29645,1.36899,0.596558,0.7,137,-0.0238302,170.419,-0.29645,-25.1703,164.447,5.97279,134.247,3.49802e-08,0.199905,0.2,0,0,0,0,0,0,0,0,0,0,0,0,0,0
494,0,-1.49237,134.242,0.295777,-0.455292,0.596634,0.7,130,-0.0208514,170.096,0.295777,-32.1444,164.425,5.67052,134.242,3.49315e-08,0.200211,0.2,0,0,0,0,0,0,0,0,0,0,0,0,0,0
495,0,-1.49535,134.233,-0.295987,-0.911232,0.596786,0.7,128,-0.0208514,170.02,0,-7.48553,164.436,5.58445,134.233,3.48344e-08,0.200058,0.2,0,0,0,0,0,0,0,0,0,0,0,0,0,0
496,0,-1.49535,134.238,0,0.456329,0.59671,0.7,130,-0.0238302,170.112,-0.29645,9.13301,164.441,5.67086,134.238,3.48829e-08,0.199982,0.2,0,0,0,0,0,0,0,0,0,0,0,0,0,0
497,0,-1.49237,134.238,0.296486,0,0.59671,0.7,128,-0.0178727,170.02,0.592971,-9.1341,164.436,5.58445,134.238,3.48829e-08,0.200058,0.2,0,0,0,0,0,0,0,0,0,0,0,0,0,0
498,0,-1.49237,134.229,0,-0.910951,0.596863,0.7,122,-0.0238302,169.75,-0.591791,-26.8185,164.425,5.3252,134.229,3.4786e-08,0.200211,0.2,0,0,0,0,0,0,0,0,0,0,0,0,0,0
